exhibit,kind,status,missing_patterns,matched_files,program,status_note
Figure 1,figure,complete,,output/figures/scatter_emission_gdp_log.png,python pysrc/scripts/figure1.py,
Figure 2,figure,missing,RAs/results_in_paper/gamma_secondary_vegetation.png,,Rscript rsrc/analysis/carbon_capture_curves/_masterfile.R,
Figure 3,figure,missing,RAs/results_in_paper/map_z2017_1043Sites.png|RAs/results_in_paper/map_x2017_1043Sites.png,,Rscript rsrc/analysis/calibration_maps_1043_sites.R,
Figure 4,figure,missing,RAs/results_in_paper/map_gamma_fit.png|RAs/results_in_paper/map_theta_fit.png,,Rscript rsrc/analysis/calibration_maps_1043_sites.R,
Figure 5,figure,complete,,output/figures/pred_zshare_1043_sites_det.png|output/figures/plot_pred_x_1043_sites_det.png,python pysrc/scripts/conduction_det.py,
Figure 6,figure,complete,,output/figures/net_transfers.png,python pysrc/scripts/conduction_det.py,
Figure 7,figure,missing,RAs/results_in_paper/map_z0z30GammaTheta_1043Sites_allPrices_det.png,,Rscript rsrc/analysis/map_1043_det.R,
Figure 8,figure,missing,RAs/results_in_paper/map_zDecades_1043Sites_pe21.8_det.png,,Rscript rsrc/analysis/map_1043_det.R,
Figure 9,figure,complete,,output/figures/density/site_1043/xi1.0/theta_distribution_985_b0_xi_1.0.png|output/figures/density/site_1043/xi1.0/gamma_distribution_929_b0_xi_1.0.png|output/figures/density/site_1043/xi1.0/theta_distribution_1028_b15_xi_1.0.png|output/figures/density/site_1043/xi1.0/gamma_distribution_938_b15_xi_1.0.png,python pysrc/scripts/conduction_hmc.py --figures density --xi 1,
Figure 10,figure,complete,,output/figures/decision_histogram_pehmc_6.8_pedet_6.8_xi_1.0.png,python pysrc/scripts/conduction_hmc.py --figures histograms --xi 1,
Figure 11,figure,complete,,output/figures/aggregate_percentage_Z_b0_pehmc_6.8_pedet_6.8_xi_1.0.png,python pysrc/scripts/conduction_hmc.py --figures trajectories --xi 1,
Figure 12,figure,complete,,output/figures/decision_histogram_pehmc_4.8_pedet_6.8_xi_1.0.png|output/figures/decision_histogram_pehmc_19.8_pedet_21.8_xi_1.0.png,python pysrc/scripts/conduction_hmc.py --figures histograms --xi 1,
Figure 13,figure,complete,,output/figures/aggregate_percentage_Z_b0_pehmc_4.8_pedet_6.8_xi_1.0_same_ylim.png|output/figures/aggregate_percentage_Z_b15_pehmc_19.8_pedet_21.8_xi_1.0_same_ylim.png,python pysrc/scripts/conduction_hmc.py --figures trajectories --xi 1,
Figure 14,figure,complete,,output/figures/mpc_landallocation_b_0_adjust.png|output/figures/mpc_landallocation_b_15_adjust.png,python pysrc/scripts/mpc_trajectory.py,
Figure 15,figure,complete,,output/figures/smooth_prob_uncon.png|output/figures/smooth_prob_con.png,python pysrc/scripts/price_estimation.py,
Figure 16,figure,missing,RAs/results_in_paper/re_theta_b0.png|RAs/results_in_paper/re_gamma_b0.png|RAs/results_in_paper/re_theta_b15.png|RAs/results_in_paper/re_gamma_b15.png,,Rscript rsrc/analysis/map_kl.R,
Figure 17,figure,complete,,output/figures/density/site_1043/xi2.0/theta_distribution_985_b0_xi_2.0.png|output/figures/density/site_1043/xi2.0/gamma_distribution_929_b0_xi_2.0.png|output/figures/density/site_1043/xi2.0/theta_distribution_1028_b15_xi_2.0.png|output/figures/density/site_1043/xi2.0/gamma_distribution_938_b15_xi_2.0.png,python pysrc/scripts/conduction_hmc.py --figures density --xi 2,
Figure 18,figure,complete,,output/figures/density/site_1043/xi0.5/theta_distribution_985_b0_xi_0.5.png|output/figures/density/site_1043/xi0.5/gamma_distribution_929_b0_xi_0.5.png|output/figures/density/site_1043/xi0.5/theta_distribution_1028_b15_xi_0.5.png|output/figures/density/site_1043/xi0.5/gamma_distribution_938_b15_xi_0.5.png,python pysrc/scripts/conduction_hmc.py --figures density --xi 0.5,
Figure 19,figure,missing,RAs/results_in_paper/map_zDecades_1043Sites_pe19.8_hmc.png,,Rscript rsrc/analysis/map_1043_hmc_xi1.R,
Figure 20,figure,missing,RAs/results_in_paper/map_zDecades_1043Sites_pe17.8_hmc.png,,Rscript rsrc/analysis/map_1043_hmc_xi05.R,
Figure 21,figure,complete,,output/figures/bayesian_r2_gamma_1043.png|output/figures/bayesian_r2_theta_1043.png,python pysrc/scripts/bayesian_R2.py,
Table 1,table,complete,,replication/derived/carbon_prices.csv,python pysrc/replication/derive_carbon_prices.py,"xi infinity is represented as xi=inf, not as 8"
Table 2,table,complete,,output/tables/present_value_site1043_pa41.11_det.tex,python pysrc/scripts/conduction_det.py,
Table 3,table,complete,,output/tables/transfer_cost_1043site_41.11pa_15year_det.tex|output/tables/transfer_cost_1043site_41.11pa_30year_det.tex,python pysrc/scripts/conduction_det.py,
Table 4,table,complete,,output/tables/present_value_site_ambiguity_comparison_xi_1.0.tex,python pysrc/scripts/conduction_hmc.py --tables ambiguity --xi 1,
Table 5,table,complete,,replication/derived/carbon_prices.csv,python pysrc/replication/derive_carbon_prices.py,uses MPC shadow-price logs
Table 6,table,complete,,output/mpc/day0_present_value_mpc_b0_sites78_xi_0.5_pee_6.1_unconstrained.tex|output/mpc/day0_present_value_mpc_b0_sites78_xi_1.0_pee_6.5_unconstrained.tex|output/mpc/day0_present_value_mpc_b0_sites78_xi_10000.0_pee_6.9_unconstrained.tex,python pysrc/mpc/mpc_compute_day0.py --model unconstrained --b 0 --xi all,derived from MPC day-0 optimization outputs
Table 7,table,complete,,replication/derived/mpc_transition_probabilities.csv,python pysrc/replication/derive_mpc_transition_probabilities.py,"derived from MPC run logs at year done: 1, not from the paper"
Table 8,table,complete,,output/mpc/day0_present_value_mpc_b15_sites78_xi_0.5_pee_6.1_unconstrained.tex|output/mpc/day0_present_value_mpc_b15_sites78_xi_1.0_pee_6.5_unconstrained.tex|output/mpc/day0_present_value_mpc_b15_sites78_xi_10000.0_pee_6.9_unconstrained.tex,python pysrc/mpc/mpc_compute_day0.py --model unconstrained --b 15 --xi all,derived from MPC day-0 optimization outputs
Table 9,table,complete,,replication/derived/mpc_transition_probabilities.csv,python pysrc/replication/derive_mpc_transition_probabilities.py,"derived from MPC run logs at year done: 1, not from the paper"
Table 10,table,complete,,output/tables/hmm_results_table.tex,python pysrc/scripts/price_estimation.py,
Table 11,table,complete,,output/tables/hmm_information_criteria.tex,python pysrc/scripts/price_estimation.py,
Table 12,table,complete,,output/mpc/day0_present_value_mpc_b0_sites78_xi_0.5_pee_5.6_constrained.tex|output/mpc/day0_present_value_mpc_b0_sites78_xi_1.0_pee_6.2_constrained.tex|output/mpc/day0_present_value_mpc_b0_sites78_xi_10000.0_pee_6.7_constrained.tex|output/mpc/day0_present_value_mpc_b10_sites78_xi_0.5_pee_5.6_constrained.tex|output/mpc/day0_present_value_mpc_b10_sites78_xi_1.0_pee_6.2_constrained.tex|output/mpc/day0_present_value_mpc_b10_sites78_xi_10000.0_pee_6.7_constrained.tex|output/mpc/day0_present_value_mpc_b15_sites78_xi_0.5_pee_5.6_constrained.tex|output/mpc/day0_present_value_mpc_b15_sites78_xi_1.0_pee_6.2_constrained.tex|output/mpc/day0_present_value_mpc_b15_sites78_xi_10000.0_pee_6.7_constrained.tex|output/mpc/day0_present_value_mpc_b20_sites78_xi_0.5_pee_5.6_constrained.tex|output/mpc/day0_present_value_mpc_b20_sites78_xi_1.0_pee_6.2_constrained.tex|output/mpc/day0_present_value_mpc_b20_sites78_xi_10000.0_pee_6.7_constrained.tex|output/mpc/day0_present_value_mpc_b25_sites78_xi_0.5_pee_5.6_constrained.tex|output/mpc/day0_present_value_mpc_b25_sites78_xi_1.0_pee_6.2_constrained.tex|output/mpc/day0_present_value_mpc_b25_sites78_xi_10000.0_pee_6.7_constrained.tex,python pysrc/mpc/mpc_compute_day0.py --model constrained --b all --xi all,derived from MPC day-0 optimization outputs
Table 13,table,complete,,output/tables/present_value_site78_pa41.11_det.tex,python pysrc/scripts/conduction_det.py,
Table 14,table,complete,,output/tables/transfer_cost_1043site_41.11pa_15year_hmc_xi_1.0.tex,python pysrc/scripts/conduction_hmc.py --tables transfer-cost --xi 1,
Table 15,table,complete,,output/tables/transfer_cost_1043site_41.11pa_30year_hmc_xi_1.0.tex,python pysrc/scripts/conduction_hmc.py --tables transfer-cost --xi 1,
Table 16,table,complete,,output/tables/present_value_site_ambiguity_comparison_xi_2.0.tex,python pysrc/scripts/conduction_hmc.py --tables ambiguity --xi 2,
Table 17,table,complete,,output/tables/present_value_site_ambiguity_comparison_xi_0.5.tex,python pysrc/scripts/conduction_hmc.py --tables ambiguity --xi 0.5,
Table 18,table,complete,,output/mpc/day0_present_value_mpc_b0_sites78_xi_0.5_pee_5.6_constrained.tex|output/mpc/day0_present_value_mpc_b0_sites78_xi_0.5_pee_6.1_unconstrained.tex|output/mpc/day0_present_value_mpc_b0_sites78_xi_1.0_pee_6.2_constrained.tex|output/mpc/day0_present_value_mpc_b0_sites78_xi_1.0_pee_6.5_unconstrained.tex|output/mpc/day0_present_value_mpc_b0_sites78_xi_10000.0_pee_6.7_constrained.tex|output/mpc/day0_present_value_mpc_b0_sites78_xi_10000.0_pee_6.9_unconstrained.tex|output/mpc/day0_present_value_mpc_b10_sites78_xi_0.5_pee_5.6_constrained.tex|output/mpc/day0_present_value_mpc_b10_sites78_xi_0.5_pee_6.1_unconstrained.tex|output/mpc/day0_present_value_mpc_b10_sites78_xi_1.0_pee_6.2_constrained.tex|output/mpc/day0_present_value_mpc_b10_sites78_xi_1.0_pee_6.5_unconstrained.tex|output/mpc/day0_present_value_mpc_b10_sites78_xi_10000.0_pee_6.7_constrained.tex|output/mpc/day0_present_value_mpc_b10_sites78_xi_10000.0_pee_6.9_unconstrained.tex|output/mpc/day0_present_value_mpc_b15_sites78_xi_0.5_pee_5.6_constrained.tex|output/mpc/day0_present_value_mpc_b15_sites78_xi_0.5_pee_6.1_unconstrained.tex|output/mpc/day0_present_value_mpc_b15_sites78_xi_1.0_pee_6.2_constrained.tex|output/mpc/day0_present_value_mpc_b15_sites78_xi_1.0_pee_6.5_unconstrained.tex|output/mpc/day0_present_value_mpc_b15_sites78_xi_10000.0_pee_6.7_constrained.tex|output/mpc/day0_present_value_mpc_b15_sites78_xi_10000.0_pee_6.9_unconstrained.tex|output/mpc/day0_present_value_mpc_b20_sites78_xi_0.5_pee_5.6_constrained.tex|output/mpc/day0_present_value_mpc_b20_sites78_xi_1.0_pee_6.2_constrained.tex|output/mpc/day0_present_value_mpc_b20_sites78_xi_10000.0_pee_6.7_constrained.tex|output/mpc/day0_present_value_mpc_b25_sites78_xi_0.5_pee_5.6_constrained.tex|output/mpc/day0_present_value_mpc_b25_sites78_xi_0.5_pee_6.1_unconstrained.tex|output/mpc/day0_present_value_mpc_b25_sites78_xi_1.0_pee_6.2_constrained.tex|output/mpc/day0_present_value_mpc_b25_sites78_xi_1.0_pee_6.5_unconstrained.tex|output/mpc/day0_present_value_mpc_b25_sites78_xi_10000.0_pee_6.7_constrained.tex|output/mpc/day0_present_value_mpc_b25_sites78_xi_10000.0_pee_6.9_unconstrained.tex,python pysrc/mpc/mpc_compute_day0.py; python pysrc/mpc/mpc_compute.py --model unconstrained --b 0 10 15 25 --xi inf --mode baseline,initial-period rows use day-0 outputs; simulation rows use MPC simulation outputs
Table 19,table,complete,,output/mpc/day0_present_value_mpc_b10_sites78_xi_0.5_pee_6.1_unconstrained.tex|output/mpc/day0_present_value_mpc_b10_sites78_xi_1.0_pee_6.5_unconstrained.tex|output/mpc/day0_present_value_mpc_b10_sites78_xi_10000.0_pee_6.9_unconstrained.tex,python pysrc/mpc/mpc_compute_day0.py --model unconstrained --b 10 --xi all,derived from MPC day-0 optimization outputs
Table 20,table,complete,,replication/derived/mpc_transition_probabilities.csv,python pysrc/replication/derive_mpc_transition_probabilities.py,"derived from MPC run logs at year done: 1, not from the paper"
Table 21,table,complete,,output/mpc/day0_present_value_mpc_b25_sites78_xi_0.5_pee_6.1_unconstrained.tex|output/mpc/day0_present_value_mpc_b25_sites78_xi_1.0_pee_6.5_unconstrained.tex|output/mpc/day0_present_value_mpc_b25_sites78_xi_10000.0_pee_6.9_unconstrained.tex,python pysrc/mpc/mpc_compute_day0.py --model unconstrained --b 25 --xi all,derived from MPC day-0 optimization outputs
Table 22,table,complete,,replication/derived/mpc_transition_probabilities.csv,python pysrc/replication/derive_mpc_transition_probabilities.py,"derived from MPC run logs at year done: 1, not from the paper"
Table 23,table,complete,,output/tables/theta_percentiles_1043.csv,python pysrc/sampling/baseline.py --sites 1043,
Table 24,table,complete,,output/tables/gamma_percentiles_1043.csv,python pysrc/sampling/baseline.py --sites 1043,
Table 25,table,complete,,output/tables/sigma_percentiles_1043.csv,python pysrc/sampling/baseline.py --sites 1043,
