sites,transfer,base_delta,sensitivity_delta,base_pee,sensitivity_pee,base_price_emissions,sensitivity_price_emissions,year,base_z_share_pct,sensitivity_z_share_pct,diff_z_share_pp,base_capture_gt,sensitivity_capture_gt,diff_capture_gt,base_net_transfer,sensitivity_net_transfer,diff_net_transfer
1043,0,0.02,0.03,6.8,4.9,6.8,4.9,0,14.523680804139719,14.523680804139719,0.0,0.0,0.0,0.0,0.0,0.0,0.0
1043,0,0.02,0.03,6.8,4.9,6.8,4.9,1,14.89182967209185,14.960115100495456,0.06828542840360541,-1.4987121031079198,-1.365296203882565,0.1334158992253549,0.0,0.0,0.0
1043,0,0.02,0.03,6.8,4.9,6.8,4.9,2,15.237308478321355,15.370401295855107,0.13309281753375224,-3.2766417299049237,-3.0797199508476467,0.19692177905727704,0.0,0.0,0.0
1043,0,0.02,0.03,6.8,4.9,6.8,4.9,3,15.552436911727227,15.752136851684762,0.19969993995753477,-4.5082524918111915,-4.365503970540857,0.14274852127033455,0.0,0.0,0.0
1043,0,0.02,0.03,6.8,4.9,6.8,4.9,4,15.848203521820475,16.106874612405385,0.2586710905849099,-5.605518180820951,-5.378852227731926,0.22666595308902515,0.0,0.0,0.0
1043,0,0.02,0.03,6.8,4.9,6.8,4.9,5,16.123876539570922,16.435976776604313,0.3121002370333912,-6.404153055689335,-6.28555149137506,0.11860156431427527,0.0,0.0,0.0
1043,0,0.02,0.03,6.8,4.9,6.8,4.9,6,16.378894025703296,16.74580868083138,0.36691465512808463,-7.074141102729641,-6.917355914520471,0.1567851882091702,0.0,0.0,0.0
1043,0,0.02,0.03,6.8,4.9,6.8,4.9,7,16.61798754109847,17.036227005820567,0.41823946472209883,-7.780021661966515,-7.559448297888309,0.2205733640782057,0.0,0.0,0.0
1043,0,0.02,0.03,6.8,4.9,6.8,4.9,8,16.84110669235648,17.308395972782318,0.46728928042583817,-8.442700271570715,-8.188508330949702,0.2541919406210127,0.0,0.0,0.0
1043,0,0.02,0.03,6.8,4.9,6.8,4.9,9,17.04861767601525,17.565810776197605,0.5171931001823538,-8.848139278972866,-8.8227223638944,0.025416915078466218,0.0,0.0,0.0
1043,0,0.02,0.03,6.8,4.9,6.8,4.9,10,17.24087853630876,17.803875853885497,0.5629973175767375,-9.127918723078182,-9.186274543374253,-0.05835582029607167,0.0,0.0,0.0
1043,0,0.02,0.03,6.8,4.9,6.8,4.9,11,17.41968104763507,18.023031786882314,0.6033507392472437,-9.485369213840471,-9.491948821674129,-0.006579607833657519,0.0,0.0,0.0
1043,0,0.02,0.03,6.8,4.9,6.8,4.9,12,17.585036452619935,18.22778378630247,0.6427473336825358,-9.683520718567507,-9.845775626683462,-0.16225490811595478,0.0,0.0,0.0
1043,0,0.02,0.03,6.8,4.9,6.8,4.9,13,17.741098153754027,18.41815324392189,0.6770550901678618,-9.864696349792325,-10.060324242794906,-0.19562789300258032,0.0,0.0,0.0
1043,0,0.02,0.03,6.8,4.9,6.8,4.9,14,17.886689867621094,18.595747991594532,0.7090581239734384,-9.956007651020798,-10.251004576269423,-0.29499692524862553,0.0,0.0,0.0
1043,0,0.02,0.03,6.8,4.9,6.8,4.9,15,18.0231461950405,18.760011813401093,0.7368656183605928,-10.040218132145128,-10.374588656973401,-0.3343705248282731,0.0,0.0,0.0
1043,0,0.02,0.03,6.8,4.9,6.8,4.9,16,18.151438355334815,18.91306202907816,0.7616236737433439,-10.051803079033107,-10.485041636564574,-0.43323855753146745,0.0,0.0,0.0
1043,0,0.02,0.03,6.8,4.9,6.8,4.9,17,18.27338451767162,19.056068794529992,0.7826842768583724,-10.127132868954902,-10.568300886970604,-0.44116801801570205,0.0,0.0,0.0
1043,0,0.02,0.03,6.8,4.9,6.8,4.9,18,18.38838600341559,19.190319953691098,0.8019339502755081,-10.257905635241372,-10.670170863868492,-0.41226522862712045,0.0,0.0,0.0
1043,0,0.02,0.03,6.8,4.9,6.8,4.9,19,18.496692727317026,19.319159377650465,0.822466650333439,-10.334282864128312,-10.79141590567437,-0.45713304154605794,0.0,0.0,0.0
1043,0,0.02,0.03,6.8,4.9,6.8,4.9,20,18.599685033114614,19.442499379939232,0.8428143468246176,-10.486558723013815,-10.885945281859193,-0.39938655884537866,0.0,0.0,0.0
1043,0,0.02,0.03,6.8,4.9,6.8,4.9,21,18.697216708351593,19.56039544607257,0.8631787377209754,-10.520840138484914,-10.983561361904009,-0.46272122341909494,0.0,0.0,0.0
1043,0,0.02,0.03,6.8,4.9,6.8,4.9,22,18.788749978402333,19.671746062928815,0.8829960845264822,-10.488613530722574,-11.05391871720434,-0.5653051864817655,0.0,0.0,0.0
1043,0,0.02,0.03,6.8,4.9,6.8,4.9,23,18.87515272893352,19.777221787956922,0.9020690590234004,-10.515227499110125,-11.160486811579148,-0.6452593124690225,0.0,0.0,0.0
1043,0,0.02,0.03,6.8,4.9,6.8,4.9,24,18.957573217326974,19.877892328074196,0.9203191107472222,-10.54438254811393,-11.156627013974656,-0.6122444658607265,0.0,0.0,0.0
1043,0,0.02,0.03,6.8,4.9,6.8,4.9,25,19.03457199493565,19.97276712525002,0.9381951303143694,-10.496861891660757,-11.250728179474265,-0.7538662878135085,0.0,0.0,0.0
1043,0,0.02,0.03,6.8,4.9,6.8,4.9,26,19.106687314355852,20.062277474148253,0.9555901597924006,-10.462824485228026,-11.346147904139855,-0.8833234189118286,0.0,0.0,0.0
1043,0,0.02,0.03,6.8,4.9,6.8,4.9,27,19.17443336306592,20.146942319181388,0.972508956115469,-10.469942101142749,-11.35550788738513,-0.8855657862423811,0.0,0.0,0.0
1043,0,0.02,0.03,6.8,4.9,6.8,4.9,28,19.237738829967547,20.226622926211103,0.9888840962435559,-10.38786571132053,-11.400054505127713,-1.0121887938071836,0.0,0.0,0.0
1043,0,0.02,0.03,6.8,4.9,6.8,4.9,29,19.297071058990415,20.3009523861459,1.0038813271554865,-10.351099286067011,-11.422149127425484,-1.071049841358473,0.0,0.0,0.0
1043,0,0.02,0.03,6.8,4.9,6.8,4.9,30,19.353188161840272,20.372773631946405,1.0195854701061329,-10.310504639675884,-11.473729155465577,-1.1632245157896932,0.0,0.0,0.0
1043,0,0.02,0.03,6.8,4.9,6.8,4.9,31,19.407053825802983,20.442010313046033,1.0349564872430506,-10.336714342436977,-11.485507107140023,-1.148792764703046,0.0,0.0,0.0
1043,0,0.02,0.03,6.8,4.9,6.8,4.9,32,19.45897791820736,20.508604696375503,1.0496267781681432,-10.27670221528669,-11.49965090719715,-1.2229486919104602,0.0,0.0,0.0
1043,0,0.02,0.03,6.8,4.9,6.8,4.9,33,19.508038985176857,20.57262243276515,1.0645834475882943,-10.219076380631094,-11.490020443795942,-1.2709440631648476,0.0,0.0,0.0
1043,0,0.02,0.03,6.8,4.9,6.8,4.9,34,19.55427918579325,20.63283668937066,1.0785575035774109,-10.162998196332268,-11.473616855656616,-1.3106186593243478,0.0,0.0,0.0
1043,0,0.02,0.03,6.8,4.9,6.8,4.9,35,19.597978544981665,20.689345983236276,1.0913674382546112,-10.102492037445614,-11.464457243214582,-1.3619652057689677,0.0,0.0,0.0
1043,0,0.02,0.03,6.8,4.9,6.8,4.9,36,19.63932915692455,20.742304633708606,1.1029754767840565,-10.035282425493193,-11.450401604279165,-1.4151191787859716,0.0,0.0,0.0
1043,0,0.02,0.03,6.8,4.9,6.8,4.9,37,19.677517895443042,20.79191733647925,1.114399441036209,-9.97114438011181,-11.436941928881538,-1.4657975487697286,0.0,0.0,0.0
1043,0,0.02,0.03,6.8,4.9,6.8,4.9,38,19.71240862998035,20.838114617574508,1.1257059875941593,-9.920659598966722,-11.412607206273918,-1.4919476073071962,0.0,0.0,0.0
1043,0,0.02,0.03,6.8,4.9,6.8,4.9,39,19.744511331993753,20.88153730996754,1.1370259779737886,-9.860503098526749,-11.391450638007399,-1.5309475394806498,0.0,0.0,0.0
1043,0,0.02,0.03,6.8,4.9,6.8,4.9,40,19.773988454959195,20.92152939406212,1.1475409391029245,-9.79475253725272,-11.366502662505724,-1.5717501252530042,0.0,0.0,0.0
1043,0,0.02,0.03,6.8,4.9,6.8,4.9,41,19.800710286775313,20.95851116728434,1.1578008805090256,-9.730961246633598,-11.34016964818332,-1.6092084015497221,0.0,0.0,0.0
1043,0,0.02,0.03,6.8,4.9,6.8,4.9,42,19.82444610335288,20.992471882852175,1.1680257794992954,-9.669804208861166,-11.322872093049028,-1.6530678841878625,0.0,0.0,0.0
1043,0,0.02,0.03,6.8,4.9,6.8,4.9,43,19.845028166701542,21.0233195358624,1.1782913691608563,-9.60725664803843,-11.303877350065676,-1.6966207020272464,0.0,0.0,0.0
1043,0,0.02,0.03,6.8,4.9,6.8,4.9,44,19.862205317443525,21.050959319445557,1.1887540020020317,-9.54306096947559,-11.283884708515501,-1.7408237390399108,0.0,0.0,0.0
1043,0,0.02,0.03,6.8,4.9,6.8,4.9,45,19.875638129881693,21.075667158973786,1.200029029092093,-9.47695856251599,-11.265473016833624,-1.7885144543176352,0.0,0.0,0.0
1043,0,0.02,0.03,6.8,4.9,6.8,4.9,46,19.885251765828706,21.097353763457587,1.2121019976288814,-9.405717394817287,-11.244577640818278,-1.8388602460009906,0.0,0.0,0.0
1043,0,0.02,0.03,6.8,4.9,6.8,4.9,47,19.892079105997738,21.115927122593025,1.2238480165952872,-9.33201074026013,-11.216038729551883,-1.8840279892917522,0.0,0.0,0.0
1043,0,0.02,0.03,6.8,4.9,6.8,4.9,48,19.89606478007019,21.1331044519225,1.2370396718523082,-9.259003418280713,-11.187098430415404,-1.9280950121346905,0.0,0.0,0.0
1043,0,0.02,0.03,6.8,4.9,6.8,4.9,49,19.897152363123197,21.148843236008936,1.2516908728857388,-9.186486254605057,-11.158514223185023,-1.9720279685799653,0.0,0.0,0.0
1043,0,0.02,0.03,6.8,4.9,6.8,4.9,50,19.89627765348932,21.163099664690595,1.266822011201274,-9.115226175664787,-11.132645087822283,-2.0174189121574955,,,
1043,10,0.02,0.03,6.8,4.9,16.8,14.9,0,14.523680804139719,14.523680804139719,0.0,0.0,0.0,0.0,-2.689990932741673,-1.2998585736849346,1.3901323590567385
1043,10,0.02,0.03,6.8,4.9,16.8,14.9,1,12.808660712260615,12.611936220178091,-0.19672449208252374,-0.16323895187233006,-0.025850055198304744,0.13738889667402532,-0.5375720894915257,0.8502070232514287,1.3877791127429544
1043,10,0.02,0.03,6.8,4.9,16.8,14.9,2,11.325250189615724,10.972097033346607,-0.3531531562691175,-0.12348442775490298,0.14976642132910456,0.27325084908400754,1.7326533303760945,2.6869785064116036,0.9543251760355091
1043,10,0.02,0.03,6.8,4.9,16.8,14.9,3,10.02918766646484,9.564137719641304,-0.4650499468235356,0.13259114825643792,0.49743463275493127,0.36484348449849335,3.2452670484067547,4.039942703377205,0.7946756549704506
1043,10,0.02,0.03,6.8,4.9,16.8,14.9,4,8.900286977383539,8.353334259400118,-0.5469527179834213,0.5306068485815842,0.9704017514096961,0.43979490282811184,4.479951714884203,4.986602977057048,0.506651262172845
1043,10,0.02,0.03,6.8,4.9,16.8,14.9,5,7.914017805932206,7.303707758889427,-0.6103100470427787,1.0439474657035532,1.5293682109140434,0.48542074521049017,5.1749342826378335,5.61673736268726,0.4418030800494268
1043,10,0.02,0.03,6.8,4.9,16.8,14.9,6,7.057178684012065,6.396095715217445,-0.66108296879462,1.619711483866297,2.14385402507736,0.524142541211063,5.631061530565696,6.053900044401943,0.42283851383624693
1043,10,0.02,0.03,6.8,4.9,16.8,14.9,7,6.319907765434876,5.620612656153559,-0.6992951092813167,2.235000636686408,2.795653002526791,0.560652365840383,5.9823853732572365,6.309889798945827,0.3275044256885904
1043,10,0.02,0.03,6.8,4.9,16.8,14.9,8,5.6892105943373155,4.9558141260485415,-0.7333964682887739,2.8802145550014586,3.467561764317878,0.5873472093164196,6.190898548267532,6.508600775447606,0.31770222718007446
1043,10,0.02,0.03,6.8,4.9,16.8,14.9,9,5.145699380468017,4.385817895237765,-0.7598814852302516,3.5417920598889907,4.154635208051587,0.6128431481625967,6.324919464352464,6.591446272567854,0.26652680821538954
1043,10,0.02,0.03,6.8,4.9,16.8,14.9,10,4.679487283530633,3.9018876091577956,-0.7775996743728371,4.21292217841048,4.845997425776943,0.6330752473664631,6.373483392907345,6.6522600039321365,0.27877661102479134
1043,10,0.02,0.03,6.8,4.9,16.8,14.9,11,4.284607807885102,3.4993626893123886,-0.7852451185727136,4.885648199864306,5.5401173988619234,0.6544691989976172,6.358795169260938,6.644119667133292,0.28532449787235326
1043,10,0.02,0.03,6.8,4.9,16.8,14.9,12,3.9582429438047044,3.171505964983396,-0.7867369788213083,5.554210628988898,6.23071625012534,0.6765056211364424,6.295692145803937,6.585814519764719,0.29012237396078255
1043,10,0.02,0.03,6.8,4.9,16.8,14.9,13,3.6945214455148063,2.900354353260679,-0.7941670922541273,6.214285227330123,6.913245708330322,0.6989604810001993,6.199114963317585,6.47622822526968,0.2771132619520955
1043,10,0.02,0.03,6.8,4.9,16.8,14.9,14,3.478991815039615,2.6717379706768054,-0.8072538443628097,6.86292249558764,7.582928868929713,0.7200063733420734,6.084356149497525,6.3506053400619855,0.2662491905644604
1043,10,0.02,0.03,6.8,4.9,16.8,14.9,15,3.30048959532803,2.482392876958939,-0.818096718369091,7.498610003154312,8.238486332910071,0.7398763297557593,5.923563997768198,6.201725918793182,0.27816192102498327
1043,10,0.02,0.03,6.8,4.9,16.8,14.9,16,3.1518011132957366,2.3247052601500773,-0.8270958531456594,8.11699058601323,8.877853840054485,0.7608632540412543,5.7516311355394345,6.028978854442942,0.2773477189035072
1043,10,0.02,0.03,6.8,4.9,16.8,14.9,17,3.0253452344445755,2.1923443299075105,-0.833000904537065,8.717133746035103,9.49885374658757,0.7817200005524683,5.583927106589962,5.83742788161429,0.2535007750243281
1043,10,0.02,0.03,6.8,4.9,16.8,14.9,18,2.9181682633499353,2.085194470949655,-0.8329737924002805,9.299621551029048,10.099813827567658,0.8001922765386098,5.39336630226047,5.655690003316021,0.2623237010555508
1043,10,0.02,0.03,6.8,4.9,16.8,14.9,19,2.8276754853157886,2.000437021415799,-0.8272384638999895,9.862306083575533,10.681900284876491,0.8195942013009585,5.204288099287857,5.450998120222214,0.24671002093435668
1043,10,0.02,0.03,6.8,4.9,16.8,14.9,20,2.7519308444654182,1.92909164751907,-0.8228391969463482,10.405457378061982,11.242928460527196,0.8374710824652141,5.017616810439907,5.236866531333123,0.2192497208932167
1043,10,0.02,0.03,6.8,4.9,16.8,14.9,21,2.688546303087473,1.8708967032398816,-0.8176495998475914,10.92941818230608,11.782062966041622,0.852644783735542,4.834211147982407,5.029396746563607,0.1951855985812001
1043,10,0.02,0.03,6.8,4.9,16.8,14.9,22,2.632862860108629,1.8230848722135675,-0.8097779878950615,11.434578646333108,12.300055714411485,0.865477068078377,4.653550321803191,4.823114769722043,0.1695644479188516
1043,10,0.02,0.03,6.8,4.9,16.8,14.9,23,2.584820075401353,1.7804728318856753,-0.8043472435156775,11.921276342107546,12.797068420707546,0.8757920786,4.465991083074253,4.63085463836188,0.16486355528762697
1043,10,0.02,0.03,6.8,4.9,16.8,14.9,24,2.5429935614455554,1.7432189818427826,-0.7997745796027729,12.388872755651164,13.274547511649303,0.8856747559981386,4.286307163622931,4.443364548323478,0.15705738470054698
1043,10,0.02,0.03,6.8,4.9,16.8,14.9,25,2.5075091981143687,1.71148654872267,-0.7960226493916986,12.838207785549145,13.733015581290289,0.8948077957411442,4.1100866916224446,4.257090765127305,0.14700407350486078
1043,10,0.02,0.03,6.8,4.9,16.8,14.9,26,2.4784954227258127,1.6834441864222802,-0.7950512363035325,13.26968120370114,14.172624728949984,0.902943525248844,3.93649117701798,4.075102926007787,0.1386117489898071
1043,10,0.02,0.03,6.8,4.9,16.8,14.9,27,2.4533661755915244,1.6592043134046761,-0.7941618621868483,13.68358758010234,14.59383494590216,0.9102473657998189,3.7634607225956835,3.90304244004518,0.13958171744949643
1043,10,0.02,0.03,6.8,4.9,16.8,14.9,28,2.4318519223076134,1.638616901761037,-0.7932350205465764,14.080013269501393,14.997669125559327,0.9176558560579338,3.5963416236683288,3.737386128358777,0.14104450469044805
1043,10,0.02,0.03,6.8,4.9,16.8,14.9,29,2.4140259614600237,1.621793252330404,-0.7922327091296197,14.459579861399078,15.384798762448696,0.9252189010496181,3.4348144527668554,3.576003091916271,0.1411886391494157
1043,10,0.02,0.03,6.8,4.9,16.8,14.9,30,2.3999630907941385,1.6063765504225742,-0.7935865403715643,14.822877620148603,15.755662801153818,0.9327851810052152,3.2787184995472876,3.4200897954971876,0.14137129594990006
1043,10,0.02,0.03,6.8,4.9,16.8,14.9,31,2.387978339067272,1.592409713469491,-0.795568625597781,15.17046682638886,16.110820187102092,0.9403533607132317,3.131896836277189,3.270195966983148,0.1382991307059589
1043,10,0.02,0.03,6.8,4.9,16.8,14.9,32,2.3766165942843553,1.579936971966793,-0.7966796223175623,15.503280053235954,16.450885203717036,0.9476051504810812,2.9912084299083395,3.1260131104746174,0.13480468056627792
1043,10,0.02,0.03,6.8,4.9,16.8,14.9,33,2.36589100045096,1.5690039093993389,-0.7968870910516213,15.821935879030235,16.776441661211578,0.954505782181343,2.856378213246793,2.9872454656929595,0.13086725244616648
1043,10,0.02,0.03,6.8,4.9,16.8,14.9,34,2.355815005269707,1.5596575039015321,-0.796157501368175,16.12702548642929,17.088044181665595,0.9610186952363051,2.727129248962269,2.853609399433878,0.12648015047160888
1043,10,0.02,0.03,6.8,4.9,16.8,14.9,35,2.346402368832452,1.55194617121559,-0.794456197616862,16.419112477973698,17.38621942360379,0.9671069456300927,2.6031967602577923,2.7248328233145847,0.12163606305679231
1043,10,0.02,0.03,6.8,4.9,16.8,14.9,36,2.33766717269412,1.5459198089667825,-0.7917473637273376,16.69873409479473,17.671467248713356,0.9727331539186252,2.484327574971035,2.600654636615627,0.11632706164459172
1043,10,0.02,0.03,6.8,4.9,16.8,14.9,37,2.329623829253098,1.5416298422168868,-0.7879939870362112,16.966402379809466,17.944261833222527,0.9778594534130605,2.370279594414624,2.480824193142997,0.11054459872837263
1043,10,0.02,0.03,6.8,4.9,16.8,14.9,38,2.322287085359736,1.5391292698624954,-0.7831578154972405,17.222605287829907,18.205052726347873,0.9824474385179656,2.2591370731731923,2.3651007919278317,0.10596371875463939
1043,10,0.02,0.03,6.8,4.9,16.8,14.9,39,2.3154054511818423,1.5384727043166475,-0.7769327468651948,17.467637122594,18.454265858139735,0.9866287355457359,2.1524891968056243,2.2533558874234827,0.10086669061785836
1043,10,0.02,0.03,6.8,4.9,16.8,14.9,40,2.3089886736817657,1.538472698302042,-0.7705159753797237,17.701951186875505,18.692304499431458,0.9903533125559534,2.050416173561151,2.1462208535666174,0.09580468000546638
1043,10,0.02,0.03,6.8,4.9,16.8,14.9,41,2.3030467345753145,1.5384726954929624,-0.7645740390823521,17.92600888669142,18.91962963731433,0.9936207506229096,1.9527049902243494,2.043907688392143,0.0912026981677938
1043,10,0.02,0.03,6.8,4.9,16.8,14.9,42,2.297589857569624,1.5384726934978399,-0.7591171640717842,18.140250411153488,19.136723458663283,0.9964730475097952,1.8591520519839673,1.9461993736191512,0.08704732163518392
1043,10,0.02,0.03,6.8,4.9,16.8,14.9,43,2.2926285160057516,1.5384726918951273,-0.7541558241106243,18.345095676369993,19.34404644852171,0.9989507721517157,1.7695627542925125,1.8528886571188878,0.08332590282637531
1043,10,0.02,0.03,6.8,4.9,16.8,14.9,44,2.2881734408400756,1.5384726905321013,-0.7497007503079742,18.54094522659912,19.542038366718856,1.0010931401197354,1.683751073118485,1.7637776144671995,0.08002654134871445
1043,10,0.02,0.03,6.8,4.9,16.8,14.9,45,2.284235628983617,1.538472689334787,-0.7457629396488299,18.72818109449659,19.73111918064089,1.0029380861442974,1.6015391733259163,1.6786772292536212,0.07713805592770484
1043,10,0.02,0.03,6.8,4.9,16.8,14.9,46,2.2808263520162257,1.5384726882609998,-0.7423536637552259,18.907167622273107,19.911689956032745,1.0045223337596383,1.522757034423428,1.597406992186043,0.07464995776261496
1043,10,0.02,0.03,6.8,4.9,16.8,14.9,47,2.2779571652866424,1.5384726872840007,-0.7394844780026417,19.07825224550183,20.08413370770981,1.0058814622079808,1.4472420929109804,1.5197945182182493,0.07255242530726891
1043,10,0.02,0.03,6.8,4.9,16.8,14.9,48,2.2756399173878608,1.5384726863855476,-0.7371672310023132,19.241766241238906,20.248816211982643,1.0070499707437364,1.3748389004944064,1.445675180903267,0.0708362804088607
1043,10,0.02,0.03,6.8,4.9,16.8,14.9,49,2.2738867598961274,1.5384726855524833,-0.7354140743436441,19.398025442045736,20.406086782517093,1.0080613404713574,1.305398797571184,1.3748917632012998,0.06949296563011576
1043,10,0.02,0.03,6.8,4.9,16.8,14.9,50,2.272710156562691,1.5384726847749175,-0.7342374717877733,19.547330917435602,20.55627901127494,1.0089480938393365,,,
1043,15,0.02,0.03,6.8,4.9,21.8,19.9,0,14.523680804139719,14.523680804139719,0.0,0.0,0.0,0.0,-1.5777330157477392,-0.5982677928517761,0.979465222895963
1043,15,0.02,0.03,6.8,4.9,21.8,19.9,1,12.17275011626963,11.9648337844064,-0.20791633186322933,-0.004672725276662959,0.058908206844677125,0.06358093212134008,2.5407767356293003,2.9948610002818064,0.45408426465250606
1043,15,0.02,0.03,6.8,4.9,21.8,19.9,2,10.179257436080137,9.84496145566577,-0.3342959804143675,0.2487617481274924,0.3398547079675325,0.09109295984004007,5.634751383107427,6.183914490873134,0.5491631077657066
1043,15,0.02,0.03,6.8,4.9,21.8,19.9,3,8.49513168623172,8.074985192804581,-0.42014649342713817,0.69455549926559,0.8187902151813944,0.12423471591580437,7.75759493986592,8.289675269833014,0.5320803299670933
1043,15,0.02,0.03,6.8,4.9,21.8,19.9,4,7.058196842894003,6.575578452405392,-0.48261839048861077,1.27000749201639,1.4257292864321869,0.15572179441579692,9.135692558817466,9.571287638453352,0.4355950796358865
1043,15,0.02,0.03,6.8,4.9,21.8,19.9,5,5.83830496148959,5.30583097207934,-0.5324739894102501,1.9272601044910687,2.107624973480455,0.1803648689893862,9.964231751693216,10.49248867700067,0.5282569253074545
1043,15,0.02,0.03,6.8,4.9,21.8,19.9,6,4.810710768855232,4.243264047288568,-0.5674467215666645,2.631263895736595,2.8421605284769385,0.21089663274034365,10.601593849235119,11.156722203653278,0.5551283544181587
1043,15,0.02,0.03,6.8,4.9,21.8,19.9,7,3.9458509525720213,3.3653248855757725,-0.5805260669962489,3.370617411484403,3.6137292414185254,0.24311182993412217,11.03950868971934,11.519951942154247,0.48044325243490604
1043,15,0.02,0.03,6.8,4.9,21.8,19.9,8,3.2341129601028404,2.656072378571095,-0.5780405815317455,4.133288483232803,4.403657026027048,0.2703685427942446,11.254897048745443,11.733771784928924,0.47887473618348153
1043,15,0.02,0.03,6.8,4.9,21.8,19.9,9,2.6609383775640723,2.09246245483921,-0.5684759227248621,4.90558611979921,5.203185782366802,0.29759966256759185,11.374549213739392,11.831748438944723,0.45719922520533096
1043,15,0.02,0.03,6.8,4.9,21.8,19.9,10,2.198188548356692,1.6556068879085184,-0.5425816604481737,5.68203967707305,6.0056392323112675,0.3235995552382178,11.371106849526166,11.781751711230205,0.41064486170403924
1043,15,0.02,0.03,6.8,4.9,21.8,19.9,11,1.8324921944100026,1.325850600965196,-0.5066415934448065,6.45524421630185,6.802036794388528,0.34679257808667785,11.219902765363102,11.550151201878512,0.3302484365154097
1043,15,0.02,0.03,6.8,4.9,21.8,19.9,12,1.5379229731193123,1.0887214884850667,-0.4492014846342456,7.215936247502924,7.5810363653868365,0.3651001178839124,11.034663638078012,11.235566193397583,0.2009025553195709
1043,15,0.02,0.03,6.8,4.9,21.8,19.9,13,1.3121207951113758,0.9342872515271528,-0.37783354358422305,7.9624145720695765,8.337788450688379,0.37537387861880234,10.76119985183773,10.863764708169843,0.10256485633211199
1043,15,0.02,0.03,6.8,4.9,21.8,19.9,14,1.1492117605072365,0.8527727798944282,-0.29643898061280827,8.689316849993219,9.069080711489505,0.3797638614962864,10.40660708070707,10.447375876033027,0.04076879532595612
1043,15,0.02,0.03,6.8,4.9,21.8,19.9,15,1.0418126324138441,0.7932960526221136,-0.24851657979173059,9.391692823374967,9.772122621982447,0.38042979860748005,10.041400126088066,10.019604081191575,-0.02179604489649023
1043,15,0.02,0.03,6.8,4.9,21.8,19.9,16,0.9794865337856975,0.7482323673409478,-0.23125416644474972,10.069207044572835,10.44627432538286,0.3770672808100244,9.658927203164975,9.601999580950666,-0.05692762221430847
1043,15,0.02,0.03,6.8,4.9,21.8,19.9,17,0.9409476399316462,0.7140612185101926,-0.22688642142145365,10.720904858181513,11.092303580179447,0.37139872199793444,9.248270418469657,9.194116557348806,-0.05415386112085052
1043,15,0.02,0.03,6.8,4.9,21.8,19.9,18,0.9266766615381283,0.6873613576821825,-0.2393153038559458,11.345107718422696,11.710920174673845,0.3658124562511489,8.837063705680283,8.796861038839562,-0.04020266684072027
1043,15,0.02,0.03,6.8,4.9,21.8,19.9,19,0.9266766615208404,0.6683603452320953,-0.2583163162887451,11.941896797811154,12.30289617801364,0.360999380202486,8.434164708192409,8.411410509713368,-0.022754198479040255
1043,15,0.02,0.03,6.8,4.9,21.8,19.9,20,0.9266766615104942,0.6572926737063634,-0.26938398780413086,12.511825944033689,12.869084094486084,0.3572581504523953,8.049399152677585,8.03700119287898,-0.01239795979860503
1043,15,0.02,0.03,6.8,4.9,21.8,19.9,21,0.9266766615024548,0.6543999738027002,-0.27227668769975455,13.056104053221787,13.410287505032244,0.3541834518104565,7.681950899810036,7.6735816780044175,-0.008369221805618388
1043,15,0.02,0.03,6.8,4.9,21.8,19.9,22,0.9266766614958347,0.6543999676362166,-0.27227669385961817,13.575885612218684,13.927262947869195,0.3513773356505112,7.331040542581159,7.324565763292311,-0.006474779288848431
1043,15,0.02,0.03,6.8,4.9,21.8,19.9,23,0.9266766614902375,0.6543999636609271,-0.2722766978293104,14.072273147400239,14.420970663025827,0.34869751562558804,6.995923753075594,6.991258150556706,-0.004665602518888257
1043,15,0.02,0.03,6.8,4.9,21.8,19.9,24,0.9266766614854323,0.6543999604322129,-0.2722767010532193,14.546319563281429,14.89245787064013,0.3461383073587001,6.675889703652671,6.67295185078866,-0.002937852864010715
1043,15,0.02,0.03,6.8,4.9,21.8,19.9,25,0.9266766614812827,0.6543999576416253,-0.2722767038396574,14.999030375867704,15.342724658246823,0.3436942823791185,6.370259559185273,6.3689716939276515,-0.0012878652576215899
1043,15,0.02,0.03,6.8,4.9,21.8,19.9,26,0.9266766614776896,0.6543999551589882,-0.2722767063187014,15.431365845489466,15.772726102042299,0.3413602565528322,6.078385037160067,6.078672897439946,0.0002878602798794816
1043,15,0.02,0.03,6.8,4.9,21.8,19.9,27,0.9266766614745615,0.6543999529128057,-0.2722767085617558,15.844243013642824,16.183374292720032,0.33913127907720764,5.799647032583065,5.801439698740613,0.0017926661575478064
1043,15,0.02,0.03,6.8,4.9,21.8,19.9,28,0.9266766614718462,0.6543999508576721,-0.27227671061417413,16.238537648157745,16.575540270134155,0.33700262197640996,5.533454304775,5.536684049104829,0.003229744329829032
1043,15,0.02,0.03,6.8,4.9,21.8,19.9,29,0.9266766614695015,0.6543999489619426,-0.2722767125075588,16.61508610081873,16.95005587089034,0.3349697700716092,5.279242223270691,5.283844366347931,0.004602143077240051
1043,15,0.02,0.03,6.8,4.9,21.8,19.9,30,0.9266766614674787,0.6543999472020755,-0.27227671426540323,16.97468708137947,17.307715492781426,0.3330284114019548,5.036471570162012,5.04238434363922,0.005912773477207978
1043,15,0.02,0.03,6.8,4.9,21.8,19.9,31,0.9266766614657491,0.6543999455596994,-0.27227671590604974,17.3181033517329,17.64927777981174,0.3311744280788389,4.804627396344378,4.81179181192596,0.007164415581581984
1043,15,0.02,0.03,6.8,4.9,21.8,19.9,32,0.9266766614642936,0.6543999440199425,-0.2722767174443511,17.6460633438318,17.97546723138177,0.3294038875499723,4.583217929240919,4.5915776535558175,0.008359724314898287
1043,15,0.02,0.03,6.8,4.9,21.8,19.9,33,0.926676661463084,0.654399942570425,-0.27227671889265903,17.95926270479049,18.28697573904853,0.3277130342580392,4.3717735296865134,4.381274764793849,0.009501235107335582
1043,15,0.02,0.03,6.8,4.9,21.8,19.9,34,0.9266766614620977,0.6543999412006015,-0.2722767202614962,18.2583657724455,18.58446405411982,0.3260982816743194,4.169845695760508,4.1804370650337,0.010591369273191376
1043,15,0.02,0.03,6.8,4.9,21.8,19.9,35,0.9266766614613132,0.6543999399013307,-0.2722767215599825,18.5440069845055,18.868563189196408,0.3245562046909072,3.977006111453835,3.9886385506014195,0.011632439147584606
1043,15,0.02,0.03,6.8,4.9,21.8,19.9,36,0.9266766614607246,0.6543999386645727,-0.2722767227961519,18.816792224278373,19.139875756633927,0.32308353235555387,3.792845738153313,3.805472391145071,0.012626652991758025
1043,15,0.02,0.03,6.8,4.9,21.8,19.9,37,0.9266766614603161,0.6543999374831672,-0.27227672397714897,19.077300105831142,19.398977246764588,0.32167714093344557,3.6169739470160702,3.630550066693301,0.013576119677230825
1043,15,0.02,0.03,6.8,4.9,21.8,19.9,38,0.9266766614600652,0.6543999363506754,-0.2722767251093898,19.326083201308137,19.64641724858913,0.3203340472809941,3.4490176903932,3.46350054355282,0.014482853159619946
1043,15,0.02,0.03,6.8,4.9,21.8,19.9,39,0.9266766614599716,0.6543999352612537,-0.2722767261987179,19.563669213010286,19.882720615528655,0.31905140251836883,3.2886207105457244,3.303969487296423,0.01534877675069879
1043,15,0.02,0.03,6.8,4.9,21.8,19.9,40,0.9266766614600207,0.654399934209556,-0.2722767272504647,19.79056209272258,20.108388578709054,0.31782648598647256,3.135442783974374,3.1516185111723276,0.01617572719795346
1043,15,0.02,0.03,6.8,4.9,21.8,19.9,41,0.9266766614602058,0.6543999331906558,-0.27227672826954996,20.007243110663495,20.323899810139466,0.3166566994759705,2.989158999759604,3.006124458340684,0.016965458581079673
1043,15,0.02,0.03,6.8,4.9,21.8,19.9,42,0.9266766614605142,0.6543999321999785,-0.2722767292605357,20.214171876323405,20.529711438039584,0.3155395617161787,2.8494590703822245,2.867178716414868,0.01771964603264342
1043,15,0.02,0.03,6.8,4.9,21.8,19.9,43,0.9266766614609453,0.6543999312332476,-0.2722767302276977,20.411787313358133,20.72626001646998,0.3144727031118464,2.7160466735618254,2.734486562853154,0.01843988929132845
1043,15,0.02,0.03,6.8,4.9,21.8,19.9,44,0.9266766614614841,0.6543999302864346,-0.27227673117504947,20.600508590604875,20.913962451321737,0.3134538607168622,2.5886388237176337,2.607766539812947,0.019127716095313385
1043,15,0.02,0.03,6.8,4.9,21.8,19.9,45,0.9266766614621398,0.6543999293557188,-0.272276732106421,20.78073601119533,21.09321688462984,0.3124808734345095,2.466965271717949,2.4867498571409636,0.019784585423014533
1043,15,0.02,0.03,6.8,4.9,21.8,19.9,46,0.9266766614628934,0.6543999284374445,-0.27227673302544886,20.952851861652476,21.264403539085578,0.3115516774331013,2.3507679316457315,2.3711798222333322,0.020411890587600734
1043,15,0.02,0.03,6.8,4.9,21.8,19.9,47,0.9266766614637453,0.6543999275280914,-0.2722767339356539,21.117221222771462,21.42788552453993,0.31066430176846893,2.2398003333635885,2.2608112955563704,0.021010962192781868
1043,15,0.02,0.03,6.8,4.9,21.8,19.9,48,0.9266766614646935,0.6543999266242392,-0.27227673484045434,21.274192744005006,21.58400960820839,0.30981686420338406,2.133827099717633,2.1554101706725293,0.02158307095489631
1043,15,0.02,0.03,6.8,4.9,21.8,19.9,49,0.9266766614657285,0.6543999257225379,-0.27227673574319056,21.42409938299548,21.73310695021044,0.30900756721496236,2.0326234472710816,2.054752877669629,0.022129430398547534
1043,15,0.02,0.03,6.8,4.9,21.8,19.9,50,0.926676661466851,0.6543999248196827,-0.27227673664716834,21.567259111822892,21.87549380600487,0.30823469418197647,,,
1043,20,0.02,0.03,6.8,4.9,26.8,24.9,0,14.523680804139719,14.523680804139719,0.0,0.0,0.0,0.0,-0.7544100651677426,-0.7209794452476637,0.0334306199200789
1043,20,0.02,0.03,6.8,4.9,26.8,24.9,1,11.702749053308766,11.500309143841786,-0.20243990946697998,0.05890820933475993,0.05890820933063878,-4.121147867408581e-12,4.594425880154819,5.143242970916422,0.5488170907616032
1043,20,0.02,0.03,6.8,4.9,26.8,24.9,2,9.382222274550351,9.044914509280545,-0.33730776526980577,0.3660978020749326,0.39075353193803153,0.02465572986309894,9.211734300682314,9.874225687051648,0.662491386369334
1043,20,0.02,0.03,6.8,4.9,26.8,24.9,3,7.455157280935317,7.0173190959807314,-0.43783818495458515,0.8882411861408173,0.9424062885900355,0.05416510244921824,12.058968239367527,12.73824454665161,0.6792763072840824
1043,20,0.02,0.03,6.8,4.9,26.8,24.9,4,5.8376670156546195,5.32914298089606,-0.5085240347585591,1.5393907725255929,1.6233208458985189,0.08393007337292602,13.79662221979071,14.538042695461442,0.7414204756707328
1043,20,0.02,0.03,6.8,4.9,26.8,24.9,5,4.498108210464647,3.9446671642305473,-0.5534410462340995,2.2663624223322927,2.3827937986863788,0.11643137635408607,15.081928703183742,15.870367190481836,0.7884384872980945
1043,20,0.02,0.03,6.8,4.9,26.8,24.9,6,3.4038829000924093,2.836397987208221,-0.5674849128841886,3.0485644607950917,3.199732081568442,0.1511676207733501,15.85847671959602,16.647529308965133,0.7890525893691134
1043,20,0.02,0.03,6.8,4.9,26.8,24.9,7,2.536351390202522,1.97838350073673,-0.557967889465792,3.8624307581062,4.0484439097439235,0.1860131516377237,16.358279221601542,17.06445303798621,0.7061738163846663
1043,20,0.02,0.03,6.8,4.9,26.8,24.9,8,1.8700662889157942,1.3510107343780462,-0.519055554537748,4.695785714899216,4.912821754954479,0.21703604005526245,16.60043837248758,17.18145556571779,0.5810171932302097
1043,20,0.02,0.03,6.8,4.9,26.8,24.9,9,1.3792339205927575,0.9095559935228049,-0.4696779270699526,5.537195863545861,5.77940466819112,0.24220880464525862,16.499863938413014,16.8674158612656,0.3675519228525843
1043,20,0.02,0.03,6.8,4.9,26.8,24.9,10,1.0287713776059078,0.6086236539774805,-0.4201477236284272,6.3706835478145365,6.627800820669506,0.25711727285496977,16.16461830704282,16.480871048642513,0.3162527415996941
1043,20,0.02,0.03,6.8,4.9,26.8,24.9,11,0.8046662510553363,0.39466903813151394,-0.40999721292382235,7.185558531458042,7.455103125458123,0.2695445940000809,15.694740548451422,16.006266110280755,0.3115255618293329
1043,20,0.02,0.03,6.8,4.9,26.8,24.9,12,0.6418972860638744,0.2539317083146354,-0.387965577749239,7.975595656155775,8.257513125855525,0.2819174696997493,15.161345457808528,15.440776537867084,0.279431080058556
1043,20,0.02,0.03,6.8,4.9,26.8,24.9,13,0.526933934744045,0.15997811644665544,-0.3669558182973896,8.738013782636557,9.030872879940006,0.29285909730344883,14.632229131793162,14.853164929171264,0.2209357973781021
1043,20,0.02,0.03,6.8,4.9,26.8,24.9,14,0.4365104831751001,0.10442863325306549,-0.3320818499220346,9.473229473225473,9.774393385714092,0.30116391248861873,14.115352153799357,14.245838161223585,0.13048600742422778
1043,20,0.02,0.03,6.8,4.9,26.8,24.9,15,0.36741817207942934,0.08456830500350841,-0.2828498670759209,10.182030824934856,10.487383567864669,0.30535274292981285,13.569226148862853,13.624653627744102,0.055427478881249215
1043,20,0.02,0.03,6.8,4.9,26.8,24.9,16,0.31323730939904565,0.08106983791995188,-0.23216747147909378,10.863078509117827,11.169285636763561,0.30620712764573454,13.017078144831011,13.014350324285807,-0.0027278205452034854
1043,20,0.02,0.03,6.8,4.9,26.8,24.9,17,0.272699739695012,0.08106983787011057,-0.19162990182490142,11.516184077456359,11.820672540489085,0.30448846303272603,12.476187583421126,12.428005523313125,-0.04818206010800097
1043,20,0.02,0.03,6.8,4.9,26.8,24.9,18,0.2421829260621582,0.08106983783600016,-0.16111308822615802,12.14199314270553,12.44274220416574,0.3007490614602091,11.94504149934911,11.86805058552391,-0.07699091382519896
1043,20,0.02,0.03,6.8,4.9,26.8,24.9,19,0.22188953196337355,0.08106983780918674,-0.14081969415418683,12.741077342732979,13.036814120952641,0.2957367782196627,11.426573136943166,11.333297771429907,-0.09327536551325899
1043,20,0.02,0.03,6.8,4.9,26.8,24.9,20,0.21202633068818375,0.0810698377871024,-0.13095649290108136,13.314156684934261,13.60414839703472,0.28999171210045915,10.920032714060497,10.822612798619438,-0.09741991544105844
1043,20,0.02,0.03,6.8,4.9,26.8,24.9,21,0.21202633047931996,0.08106983776851218,-0.13095649271080778,13.861909005989645,14.145948424476074,0.28403941848642944,10.426974404587742,10.334912435797307,-0.0920619687904356
1043,20,0.02,0.03,6.8,4.9,26.8,24.9,22,0.21202633044956665,0.08106983775269584,-0.13095649269687082,14.385008411571135,14.663363433776254,0.278355022205119,9.956107374402563,9.869162205107237,-0.08694516929532625
1043,20,0.02,0.03,6.8,4.9,26.8,24.9,23,0.21202633042793081,0.0810698377391837,-0.1309564926887471,14.884564465643223,15.157490931541759,0.27292646589853575,9.50643285157402,9.42437418786569,-0.08205866370833093
1043,20,0.02,0.03,6.8,4.9,26.8,24.9,24,0.21202633041037494,0.08106983772764628,-0.13095649268272866,15.361636793573695,15.629379028445129,0.26774223487143445,9.076997016154204,8.99960492905422,-0.0773920870999838
1043,20,0.02,0.03,6.8,4.9,26.8,24.9,25,0.2120263303955089,0.08106983771783943,-0.13095649267766946,15.817237329733103,16.080028662407813,0.2627913326747091,8.666888977161816,8.593953436124739,-0.07293554103707756
1043,20,0.02,0.03,6.8,4.9,26.8,24.9,26,0.2120263303826296,0.08106983770957393,-0.13095649267305567,16.252332463942764,16.510395721723967,0.25806325778120254,8.275238840462219,8.206559267873882,-0.06867957258833712
1043,20,0.02,0.03,6.8,4.9,26.8,24.9,27,0.21202633037131446,0.0810698377026992,-0.13095649266861525,16.66784509131736,16.921393072627524,0.2535479813101631,7.901215863605925,7.836600709331515,-0.06461515427441
1043,20,0.02,0.03,6.8,4.9,26.8,24.9,28,0.2120263303612821,0.08106983769709064,-0.13095649266419146,17.064656569849035,17.31389249560391,0.2492359257548742,7.544026693712624,7.483293028793407,-0.0607336649192165
1043,20,0.02,0.03,6.8,4.9,26.8,24.9,29,0.21202633035232862,0.08106983769264423,-0.1309564926596844,17.443608589885997,17.688726534553354,0.24511794466735637,7.202913684663397,7.145886813299899,-0.05702687136349738
1043,20,0.02,0.03,6.8,4.9,26.8,24.9,30,0.21202633034430193,0.08106983768927133,-0.13095649265503062,17.805504959470426,18.046690262728106,0.24118530325768006,6.877153290031828,6.823666379030717,-0.05348691100111047
1043,20,0.02,0.03,6.8,4.9,26.8,24.9,31,0.21202633033708157,0.08106983768689505,-0.13095649265018652,18.15111330932322,18.38854296918936,0.2374296598661374,6.56605452834504,6.515948253243467,-0.05010627510157306
1043,20,0.02,0.03,6.8,4.9,26.8,24.9,32,0.2120263303305712,0.08106983768544872,-0.1309564926451225,18.481166721091597,18.715009769361274,0.2338430482696765,6.268957517419232,6.222079724536375,-0.04687779288285743
1043,20,0.02,0.03,6.8,4.9,26.8,24.9,33,0.21202633032469045,0.08106983768487341,-0.13095649263981704,18.796365282313644,19.026783143097816,0.23041786078417203,5.985232074661364,5.94143745836001,-0.04379461630135406
1043,20,0.02,0.03,6.8,4.9,26.8,24.9,34,0.21202633031937188,0.08106983768511772,-0.13095649263425416,19.097377571397743,19.324524403525515,0.2271468321277723,5.714276380367088,5.673426174840989,-0.04085020552609908
1043,20,0.02,0.03,6.8,4.9,26.8,24.9,35,0.21202633031455762,0.08106983768613643,-0.13095649262842118,19.384842075767125,19.60886509977732,0.2240230240101937,5.455515701180724,5.417477386113686,-0.038038315067038475
1043,20,0.02,0.03,6.8,4.9,26.8,24.9,36,0.21202633031019974,0.08106983768788956,-0.13095649262231018,19.65936854617715,19.88040835659271,0.22103981041556153,5.2084011710086315,5.173048190481062,-0.035352980527569855
1043,20,0.02,0.03,6.8,4.9,26.8,24.9,37,0.2120263303062564,0.08106983769034252,-0.13095649261591386,19.9215392900785,20.139730153626545,0.2181908635480454,4.9724086268006,4.939620120847618,-0.03278850595298177
1043,20,0.02,0.03,6.8,4.9,26.8,24.9,38,0.2120263303026882,0.08106983769346472,-0.13095649260922348,20.171910406769456,20.387380547178708,0.21547014040925205,4.747037496729952,4.716698044980983,-0.03033945174896857
1043,20,0.02,0.03,6.8,4.9,26.8,24.9,39,0.21202633029946522,0.08106983769722925,-0.13095649260223596,20.411012966956804,20.623884836937577,0.21287186998077345,4.5318097384133385,4.503809115270157,-0.02800062314318108
1043,20,0.02,0.03,6.8,4.9,26.8,24.9,40,0.21202633029655543,0.08106983770161369,-0.13095649259494174,20.639354139228345,20.849744680210932,0.21039054098258703,4.3262688249188495,4.300501765752355,-0.025767059166494022
1043,20,0.02,0.03,6.8,4.9,26.8,24.9,41,0.21202633029393406,0.0810698377065982,-0.13095649258733585,20.857418265825146,21.065439156008466,0.20802089018332026,4.129978776411265,4.10634475428105,-0.02363402213021537
1043,20,0.02,0.03,6.8,4.9,26.8,24.9,42,0.21202633029157683,0.08106983771216592,-0.13095649257941092,21.06566788999652,21.271425781232438,0.20575789123591903,3.9425232353802886,3.9209262478034157,-0.021596987576872895
1043,20,0.02,0.03,6.8,4.9,26.8,24.9,43,0.21202633028946571,0.08106983771830312,-0.1309564925711626,21.264544737116324,21.46814148113262,0.2035967440162949,3.763504583490417,3.7438529488073784,-0.019651634683038655
1043,20,0.02,0.03,6.8,4.9,26.8,24.9,44,0.21202633028757997,0.08106983772499896,-0.13095649256258102,21.45447065164163,21.656003516083018,0.20153286444138985,3.592543098179197,3.574749261084892,-0.01779383709430471
1043,20,0.02,0.03,6.8,4.9,26.8,24.9,45,0.21202633028590237,0.081069837732244,-0.13095649255365838,21.635848491901356,21.83541036664738,0.19956187474602416,3.4292761472147717,3.41325649304179,-0.016019654172981568
1043,20,0.02,0.03,6.8,4.9,26.8,24.9,46,0.212026330284418,0.0810698377400319,-0.1309564925443861,21.809062984612837,22.00674257880962,0.19767959419678505,3.273357419504281,3.2590320968651785,-0.014325322639102467
1043,20,0.02,0.03,6.8,4.9,26.8,24.9,47,0.21202633028311363,0.08106983774835741,-0.13095649253475622,21.974481540938797,22.170363571163165,0.195882030224368,3.1244561905214963,3.111748941933169,-0.012707248588327058
1043,20,0.02,0.03,6.8,4.9,26.8,24.9,48,0.2120263302819759,0.08106983775721777,-0.13095649252475813,22.13245503581564,22.326620405770115,0.19416536995447586,2.98225662079606,2.9710946209273343,-0.01116199986872557
1043,20,0.02,0.03,6.8,4.9,26.8,24.9,49,0.21202633028099474,0.08106983776661128,-0.13095649251438346,22.28331855220617,22.475844524326845,0.19252597212067712,2.8464570859751435,2.8367707871747108,-0.009686298800432702
1043,20,0.02,0.03,6.8,4.9,26.8,24.9,50,0.21202633028015844,0.08106983777653891,-0.13095649250361951,22.427392091855637,22.618352451196074,0.19096035934043698,,,
1043,25,0.02,0.03,6.8,4.9,31.8,29.9,0,14.523680804139719,14.523680804139719,0.0,0.0,0.0,0.0,-0.8648558811880785,-0.8141760974713391,0.050679783716739424
1043,25,0.02,0.03,6.8,4.9,31.8,29.9,1,11.324124987942579,11.078611155863202,-0.24551383207937683,0.058908207114029665,0.05890820934590124,2.2318715764413355e-09,6.922241894509981,7.664605055549751,0.7423631610397701
1043,25,0.02,0.03,6.8,4.9,31.8,29.9,2,8.739064826474216,8.332338099464012,-0.40672672701020396,0.40795567928941523,0.43429189618251485,0.026336216893099618,12.976225733181856,13.96491186689868,0.9886861337168238
1043,25,0.02,0.03,6.8,4.9,31.8,29.9,3,6.620250877153934,6.107877491519028,-0.5123733856349055,0.981667618706382,1.0433206527089567,0.061653034002574714,16.623296842153195,17.59811891802924,0.9748220758760446
1043,25,0.02,0.03,6.8,4.9,31.8,29.9,4,4.883908312873653,4.307507330748286,-0.5764009821253673,1.6869255534356,1.782812171219149,0.0958866177835489,18.95775537209639,20.05855597197804,1.1008005998816515
1043,25,0.02,0.03,6.8,4.9,31.8,29.9,5,3.4851454649895843,2.8932801655279348,-0.5918652994616496,2.474012350466751,2.6090440052944643,0.1350316548277135,20.531266775100544,21.54766094570321,1.0163941706026662
1043,25,0.02,0.03,6.8,4.9,31.8,29.9,6,2.3950687844487897,1.8312855503228662,-0.5637832341259235,3.315038923026833,3.4860712292141613,0.17103230618732823,21.461889491609476,22.304602815697955,0.8427133240884785
1043,25,0.02,0.03,6.8,4.9,31.8,29.9,7,1.5812963664912225,1.0865910775482455,-0.49470528894297705,4.186571147025461,4.387227242073408,0.2006560950479468,21.894605162070135,22.455785844318108,0.5611806822479721
1043,25,0.02,0.03,6.8,4.9,31.8,29.9,8,1.0047756073723615,0.5921295789452552,-0.4126460284271063,5.070651709598877,5.290347844932938,0.21969613533406118,21.766603882836545,22.19999388661308,0.4333900037765339
1043,25,0.02,0.03,6.8,4.9,31.8,29.9,9,0.6246821423284162,0.2755085493666328,-0.3491735929617834,5.946473818049554,6.180622453623158,0.23414863557360377,21.322815759951457,21.63168575959837,0.3088699996469124
1043,25,0.02,0.03,6.8,4.9,31.8,29.9,10,0.3648441132130157,0.09219622884608455,-0.2726478843669311,6.802398938657916,7.046651141285935,0.24425220262801872,20.796368778016205,20.906816886871212,0.11044810885500667
1043,25,0.02,0.03,6.8,4.9,31.8,29.9,11,0.19773291572052512,0.012746226096744603,-0.1849866896237805,7.635886355487827,7.883029061384292,0.24714270589646503,20.083165922065824,20.071119287880006,-0.012046634185818306
1043,25,0.02,0.03,6.8,4.9,31.8,29.9,12,0.10238676071868406,1.8162677613948537e-10,-0.10238676053705728,8.44005839209919,8.685873832900995,0.24581544080180606,19.31700719550737,19.18459908358883,-0.13240811191854007
1043,25,0.02,0.03,6.8,4.9,31.8,29.9,13,0.057262608450066844,1.6714413815558885e-10,-0.057262608282922706,9.213211492940474,9.453257796245936,0.24004630330546206,18.509451318316707,18.321149890222394,-0.18830142809431294
1043,25,0.02,0.03,6.8,4.9,31.8,29.9,14,0.032239162153625094,1.567114605101009e-10,-0.03223916199691363,9.953855741993323,10.186103791856084,0.23224804986276126,17.71237529304746,17.4965623121623,-0.2158129808851612
1043,25,0.02,0.03,6.8,4.9,31.8,29.9,15,0.014258753979043453,1.4846135906223974e-10,-0.014258753830582093,10.662468487166905,10.885966284343823,0.2234977971769183,16.9410226311933,16.709087288602554,-0.2319353425907451
1043,25,0.02,0.03,6.8,4.9,31.8,29.9,16,0.0034639128384400053,1.4169629323085715e-10,-0.003463912696743712,11.3401379936806,11.554329775889101,0.214191782208502,16.19348638546427,15.957054479439345,-0.23643190602492403
1043,25,0.02,0.03,6.8,4.9,31.8,29.9,17,6.107300930657099e-08,1.3604926596534182e-10,-6.093696004060565e-08,11.987877449603445,12.192611955067804,0.20473450546435856,15.469232796536284,15.238868722256782,-0.23036407427950145
1043,25,0.02,0.03,6.8,4.9,31.8,29.9,18,5.6045834427390416e-08,1.3129669955385461e-10,-5.591453772783656e-08,12.606646761927635,12.80216670395916,0.1955199420315239,14.773002636184534,14.553006648774202,-0.2199959874103321
1043,25,0.02,0.03,6.8,4.9,31.8,29.9,19,5.3440062040076656e-08,1.2729011512354553e-10,-5.331277192495311e-08,13.197566867816306,13.384286969911187,0.1867201020948812,14.108107991399557,13.898013453577612,-0.21009453782194498
1043,25,0.02,0.03,6.8,4.9,31.8,29.9,20,5.149133027122279e-08,1.2392480957638602e-10,-5.13674054616464e-08,13.761891187897419,13.940207508055295,0.1783163201578759,13.47313853406803,13.27249980828246,-0.20063872578556996
1043,25,0.02,0.03,6.8,4.9,31.8,29.9,21,4.9913288673829166e-08,1.2112340962060778e-10,-4.979216526420856e-08,14.300816729672277,14.471107500387603,0.17029077071532583,12.866747409310191,12.675138914582037,-0.191608494728154
1043,25,0.02,0.03,6.8,4.9,31.8,29.9,22,4.859461495896317e-08,1.188264302051194e-10,-4.847578852875805e-08,14.815486626445932,14.978113056971864,0.16262643052593262,12.287648380458254,12.104663689930288,-0.18298469052796662
1043,25,0.02,0.03,6.8,4.9,31.8,29.9,23,4.747614164246112e-08,1.169865148712542e-10,-4.7359155127589864e-08,15.30699256205628,15.462299604570035,0.15530704251375482,11.734613100955535,11.559864079889653,-0.17474902106588175
1043,25,0.02,0.03,6.8,4.9,31.8,29.9,24,4.652083439482233e-08,1.1556477729794518e-10,-4.640526961752438e-08,15.776377086478618,15.924694167766603,0.14831708128798482,11.206468508913721,11.039584491443904,-0.16688401746981718
1043,25,0.02,0.03,6.8,4.9,31.8,29.9,25,4.5703075124104226e-08,1.145284187194473e-10,-4.558854670538478e-08,16.224635827212552,16.366277547425284,0.14164172021273203,10.702094338908154,10.542721341829909,-0.15937299707824515
1043,25,0.02,0.03,6.8,4.9,31.8,29.9,26,4.500391313871754e-08,1.1384915549717224e-10,-4.4890063983220364e-08,16.652719601140433,16.787986401099403,0.13526679995896984,10.220420745751946,10.068220717690812,-0.15220002806113442
1043,25,0.02,0.03,6.8,4.9,31.8,29.9,27,4.440864504264136e-08,1.135021758753546e-10,-4.4295142866766e-08,17.061536431337203,17.190715229807978,0.1291787984707753,9.760426035215186,9.615076139584565,-0.14534989563062162
1043,25,0.02,0.03,6.8,4.9,31.8,29.9,28,4.3905455820344565e-08,1.1346544693828725e-10,-4.379199037340628e-08,17.45195347310832,17.575318275392277,0.12336480228395885,9.321134496876818,9.18232642710603,-0.1388080697707874
1043,25,0.02,0.03,6.8,4.9,31.8,29.9,29,4.3484599667074534e-08,1.1371925316169424e-10,-4.337088041391284e-08,17.824798853342458,17.94261133247747,0.11781247913501147,8.901614334513756,8.769053660094487,-0.13256067441926866
1043,25,0.02,0.03,6.8,4.9,31.8,29.9,30,4.3137878320604346e-08,1.1424588619699643e-10,-4.302363243440735e-08,18.18086342707923,18.293373478882188,0.11251005180295692,8.500975689637244,8.374381231601838,-0.12659445803540592
1043,25,0.02,0.03,6.8,4.9,31.8,29.9,31,4.285829352974905e-08,1.1502943117739853e-10,-4.274326409857165e-08,18.520902455018557,18.628348728147245,0.10744627312868715,8.118368753984676,7.997471988491897,-0.12089676549277861
1043,25,0.02,0.03,6.8,4.9,31.8,29.9,32,4.263980625693267e-08,1.1605561237430558e-10,-4.252375064455836e-08,18.84563720553001,18.948247607687875,0.10261040215786466,7.752981966963157,7.637526455726156,-0.11545551123700104
1043,25,0.02,0.03,6.8,4.9,31.8,29.9,33,4.24771637486986e-08,1.1731167543603267e-10,-4.235985207326257e-08,19.155756484559276,19.253748665917897,0.0979921813586202,7.404040294221119,7.293781140570128,-0.1102591536509907
1043,25,0.02,0.03,6.8,4.9,31.8,29.9,34,4.2365771119473786e-08,1.1878628779058355e-10,-4.2246984831683204e-08,19.451918096677957,19.54549991154167,0.09358181486371109,7.070803583697227,6.965506913123093,-0.10529667057413405
1043,25,0.02,0.03,6.8,4.9,31.8,29.9,35,4.2301592963288735e-08,1.2046945084181145e-10,-4.218112351244692e-08,19.73475024037512,19.82412018806758,0.08936994769246098,6.752564995658875,6.652007459735435,-0.10055753592344008
1043,25,0.02,0.03,6.8,4.9,31.8,29.9,36,4.2281075782575554e-08,1.2235241735204278e-10,-4.215872336522351e-08,20.00485284055057,20.09020048645803,0.08534764590746136,6.448649503400758,6.352617806034168,-0.09603169736659023
1043,25,0.02,0.03,6.8,4.9,31.8,29.9,37,4.2301085254525784e-08,1.244276116946273e-10,-4.217665764283116e-08,20.262798821035886,20.344305198700425,0.08150637766453883,6.158412461423094,6.0667029064235285,-0.09170955499956523
1043,25,0.02,0.03,6.8,4.9,31.8,29.9,38,4.235885437954892e-08,1.2668855200366735e-10,-4.2232165827545254e-08,20.509135319842557,20.586973314958385,0.07783799511582856,5.881238238052176,5.793656297067461,-0.08758194098471517
1043,25,0.02,0.03,6.8,4.9,31.8,29.9,39,4.245193984566817e-08,1.29129774129894e-10,-4.232281007153828e-08,20.744384849715175,20.818719566842162,0.07433471712698747,5.616538909603272,5.532898809499036,-0.08364010010423595
1043,25,0.02,0.03,6.8,4.9,31.8,29.9,40,4.257818477458101e-08,1.3174675776509e-10,-4.244643801681592e-08,20.96904640645087,21.04003551922321,0.0709891127723381,5.363753013315936,5.28387734212615,-0.07987567118978589
1043,25,0.02,0.03,6.8,4.9,31.8,29.9,41,4.2735686557974436e-08,1.3453585525947376e-10,-4.2601150702714964e-08,21.183596527336363,21.251390612909375,0.06779408557301281,5.12234435641607,5.046063687029247,-0.07628066938682299
1043,25,0.02,0.03,6.8,4.9,31.8,29.9,42,4.292276885119599e-08,1.3749422366606113e-10,-4.278527462752993e-08,21.388490301947428,21.453233160391648,0.06474285844421956,4.891800878779595,4.818953409561074,-0.07284746921852037
1043,25,0.02,0.03,6.8,4.9,31.8,29.9,43,4.3137957031274615e-08,1.406197604744004e-10,-4.2997337270800214e-08,21.584162337454785,21.645991296775293,0.06182895932050769,4.671633566784113,4.602064778373455,-0.06956878841065794
1043,25,0.02,0.03,6.8,4.9,31.8,29.9,44,4.3379956589553375e-08,1.4391104338996986e-10,-4.3236045546163405e-08,21.771027680484366,21.830073887911425,0.059046207427059016,4.4613754160455015,4.394937743600483,-0.06643767244501841
1043,25,0.02,0.03,6.8,4.9,31.8,29.9,45,4.36476340425224e-08,1.4736727442006043e-10,-4.350026676810234e-08,21.94948269748656,22.005871397656648,0.05638870017008912,4.260580440839255,4.197132961030974,-0.06344747980828114
1043,25,0.02,0.03,6.8,4.9,31.8,29.9,46,4.394000002503153e-08,1.5098822833464688e-10,-4.3789011796696886e-08,22.119905915482917,22.17375671609912,0.05385080061620329,4.068822728104774,4.008230860200547,-0.060591867904226326
1043,25,0.02,0.03,6.8,4.9,31.8,29.9,47,4.425619428899101e-08,1.5477420563198795e-10,-4.410142008335902e-08,22.282658824972543,22.334085950508438,0.0514271255358949,3.885695534026755,3.8278307544264485,-0.05786477960030645
1043,25,0.02,0.03,6.8,4.9,31.8,29.9,48,4.459547237406581e-08,1.587259899214854e-10,-4.4436746384144325e-08,22.438086646701834,22.487199180686787,0.04911253398495319,3.7108104212772592,3.655549990897302,-0.05526043037995709
1043,25,0.02,0.03,6.8,4.9,31.8,29.9,49,4.49571937627439e-08,1.6284480962418559e-10,-4.479434895311972e-08,22.5865190639241,22.633421180324007,0.046902116399905935,3.5437964350876943,3.4910231390152022,-0.05277329607249204
1043,25,0.02,0.03,6.8,4.9,31.8,29.9,50,4.53408113256622e-08,1.671323038383868e-10,-4.5173679021823815e-08,22.728270921702006,22.773062105886027,0.04479118418402095,,,
