Country Name,Country Code,gdp_pc_ppp_2018,emissions_pc_2018,Region,gdp_pc_ppp_2018_100k,plot_group
Afghanistan,AFG,2082.63564821362,0.200151071015376,South Asia,0.020826356482136196,World Bank country/territory or EU
Angola,AGO,7099.97195809928,0.88738036390839,Sub-Saharan Africa,0.0709997195809928,World Bank country/territory or EU
Albania,ALB,13483.0116137185,1.93973156347946,Europe & Central Asia,0.13483011613718499,World Bank country/territory or EU
United Arab Emirates,ARE,68576.1155226865,20.7974984025486,Middle East & North Africa,0.685761155226865,World Bank country/territory or EU
Argentina,ARG,23293.3986337639,3.9872341980589,Latin America & Caribbean,0.232933986337639,World Bank country/territory or EU
Armenia,ARM,13020.3963185992,1.88024626821933,Europe & Central Asia,0.130203963185992,World Bank country/territory or EU
Antigua and Barbuda,ATG,21521.8850511088,5.50466338464095,Latin America & Caribbean,0.215218850511088,World Bank country/territory or EU
Australia,AUS,50169.1872936523,15.475516485656,East Asia & Pacific,0.501691872936523,World Bank country/territory or EU
Austria,AUT,56960.0914258929,7.14663762463773,Europe & Central Asia,0.569600914258929,World Bank country/territory or EU
Azerbaijan,AZE,14550.7628169318,3.22140218320925,Europe & Central Asia,0.145507628169318,World Bank country/territory or EU
Burundi,BDI,779.808175667897,0.0527946300523678,Sub-Saharan Africa,0.00779808175667897,World Bank country/territory or EU
Belgium,BEL,52528.1185388814,8.17971106113614,Europe & Central Asia,0.525281185388814,World Bank country/territory or EU
Benin,BEN,3236.670417183,0.688722324311593,Sub-Saharan Africa,0.032366704171830005,World Bank country/territory or EU
Burkina Faso,BFA,2168.66221320779,0.21618648458803,Sub-Saharan Africa,0.0216866221320779,World Bank country/territory or EU
Bangladesh,BGD,4547.48001638788,0.512837313770296,South Asia,0.0454748001638788,World Bank country/territory or EU
Bulgaria,BGR,22990.1054861125,5.85477343393352,Europe & Central Asia,0.22990105486112503,World Bank country/territory or EU
Bahrain,BHR,47503.0619389863,19.5929758385156,Middle East & North Africa,0.47503061938986296,World Bank country/territory or EU
"Bahamas, The",BHS,37416.9722554382,5.86046391017413,Latin America & Caribbean,0.374169722554382,World Bank country/territory or EU
Bosnia and Herzegovina,BIH,14901.781224632,6.78113160660171,Europe & Central Asia,0.14901781224632002,World Bank country/territory or EU
Belarus,BLR,19430.2787724315,6.28364773644065,Europe & Central Asia,0.19430278772431497,World Bank country/territory or EU
Belize,BLZ,7436.04610686127,1.77512784836231,Latin America & Caribbean,0.0743604610686127,World Bank country/territory or EU
Bolivia,BOL,8863.34916107392,2.00032766265544,Latin America & Caribbean,0.0886334916107392,World Bank country/territory or EU
Brazil,BRA,15020.4382238881,2.04187419904738,Latin America & Caribbean,0.150204382238881,World Bank country/territory or EU
Barbados,BRB,16051.2558119276,4.36087077867709,Latin America & Caribbean,0.160512558119276,World Bank country/territory or EU
Brunei Darussalam,BRN,61839.1175656081,16.644908616188,East Asia & Pacific,0.618391175656081,World Bank country/territory or EU
Bhutan,BTN,11620.9159001164,1.82927799192997,South Asia,0.116209159001164,World Bank country/territory or EU
Botswana,BWA,16611.9043872002,3.64230521985371,Sub-Saharan Africa,0.166119043872002,World Bank country/territory or EU
Central African Republic,CAF,955.513744292128,0.0707187056333878,Sub-Saharan Africa,0.00955513744292128,World Bank country/territory or EU
Canada,CAN,49992.6354904724,15.4970252672198,North America,0.499926354904724,World Bank country/territory or EU
Switzerland,CHE,71660.2068398902,4.40199104356902,Europe & Central Asia,0.7166020683989021,World Bank country/territory or EU
Chile,CHL,25714.1394249978,4.6248722447118,Latin America & Caribbean,0.257141394249978,World Bank country/territory or EU
China,CHN,15497.3599948376,7.35226268214092,East Asia & Pacific,0.154973599948376,World Bank country/territory or EU
Cote d'Ivoire,CIV,5154.33170207433,0.39530538358065,Sub-Saharan Africa,0.0515433170207433,World Bank country/territory or EU
Cameroon,CMR,3800.97126711913,0.34184290843119,Sub-Saharan Africa,0.0380097126711913,World Bank country/territory or EU
"Congo, Dem. Rep.",COD,1111.9657900707,0.0261692628875174,Sub-Saharan Africa,0.011119657900707,World Bank country/territory or EU
"Congo, Rep.",COG,4022.74881361541,0.613992585944184,Sub-Saharan Africa,0.0402274881361541,World Bank country/territory or EU
Colombia,COL,15044.0553365323,1.6006506184645,Latin America & Caribbean,0.150440553365323,World Bank country/territory or EU
Comoros,COM,3146.90174765251,0.31237910327974,Sub-Saharan Africa,0.0314690174765251,World Bank country/territory or EU
Cabo Verde,CPV,7028.99309072646,1.14020052817031,Sub-Saharan Africa,0.0702899309072646,World Bank country/territory or EU
Costa Rica,CRI,21319.0439930828,1.65218405330354,Latin America & Caribbean,0.213190439930828,World Bank country/territory or EU
Cyprus,CYP,40513.6916170718,6.07940050216016,Europe & Central Asia,0.405136916170718,World Bank country/territory or EU
Czech Republic,CZE,41135.4929835656,9.64070499819002,Europe & Central Asia,0.411354929835656,World Bank country/territory or EU
Germany,DEU,55235.366304833,8.55838981170216,Europe & Central Asia,0.55235366304833,World Bank country/territory or EU
Djibouti,DJI,5339.26107514241,0.51098993349831,Middle East & North Africa,0.0533926107514241,World Bank country/territory or EU
Dominica,DMA,11804.345863069,2.51305391896797,Latin America & Caribbean,0.11804345863069,World Bank country/territory or EU
Denmark,DNK,57482.9623999067,5.76149416359606,Europe & Central Asia,0.574829623999067,World Bank country/territory or EU
Dominican Republic,DOM,18137.0523994947,2.36375764821923,Latin America & Caribbean,0.181370523994947,World Bank country/territory or EU
Algeria,DZA,11909.9298247204,3.59165741835207,Middle East & North Africa,0.119099298247204,World Bank country/territory or EU
Ecuador,ECU,11839.3432355586,2.31381230047905,Latin America & Caribbean,0.118393432355586,World Bank country/territory or EU
"Egypt, Arab Rep.",EGY,11639.2390898864,2.50204214229022,Middle East & North Africa,0.116392390898864,World Bank country/territory or EU
Spain,ESP,40696.3876815487,5.52035039972218,Europe & Central Asia,0.406963876815487,World Bank country/territory or EU
Estonia,EST,36249.3581462876,12.1030850007224,Europe & Central Asia,0.362493581462876,World Bank country/territory or EU
Ethiopia,ETH,2154.02087685878,0.149050931014413,Sub-Saharan Africa,0.0215402087685878,World Bank country/territory or EU
European Union,EUU,44639.9973542428,6.42403874133475,,0.446399973542428,World Bank country/territory or EU
Finland,FIN,49580.6051952837,8.04275204989552,Europe & Central Asia,0.495806051952837,World Bank country/territory or EU
Fiji,FJI,14178.5633985018,2.15056197580052,East Asia & Pacific,0.141785633985018,World Bank country/territory or EU
France,FRA,46576.6018489382,4.61924120513374,Europe & Central Asia,0.465766018489382,World Bank country/territory or EU
"Micronesia, Fed. Sts.",FSM,3544.00482035087,1.59801136363636,East Asia & Pacific,0.0354400482035087,World Bank country/territory or EU
Gabon,GAB,15097.6916533021,2.17527220393767,Sub-Saharan Africa,0.150976916533021,World Bank country/territory or EU
United Kingdom,GBR,47573.4880155177,5.39870813789348,Europe & Central Asia,0.475734880155177,World Bank country/territory or EU
Georgia,GEO,14595.6306437119,2.53854169098541,Europe & Central Asia,0.145956306437119,World Bank country/territory or EU
Ghana,GHA,5442.8721471509,0.541201382411755,Sub-Saharan Africa,0.054428721471509,World Bank country/territory or EU
Guinea,GIN,2559.72476578084,0.25132323293185,Sub-Saharan Africa,0.025597247657808398,World Bank country/territory or EU
"Gambia, The",GMB,2209.89259276595,0.249989912687734,Sub-Saharan Africa,0.022098925927659503,World Bank country/territory or EU
Guinea-Bissau,GNB,1947.59676042334,0.165394727856314,Sub-Saharan Africa,0.0194759676042334,World Bank country/territory or EU
Equatorial Guinea,GNQ,20875.478210598,5.09562509645018,Sub-Saharan Africa,0.20875478210598,World Bank country/territory or EU
Greece,GRC,29617.5483399732,6.08317505028006,Europe & Central Asia,0.296175483399732,World Bank country/territory or EU
Grenada,GRD,17231.5122297741,2.69181419303897,Latin America & Caribbean,0.172315122297741,World Bank country/territory or EU
Guatemala,GTM,8665.34726097301,1.11396927255543,Latin America & Caribbean,0.08665347260973011,World Bank country/territory or EU
Guyana,GUY,12777.1649920039,3.13219265038697,Latin America & Caribbean,0.127771649920039,World Bank country/territory or EU
Honduras,HND,5816.74732402308,1.01903275747031,Latin America & Caribbean,0.058167473240230805,World Bank country/territory or EU
Croatia,HRV,28844.9235406393,4.05592876243046,Europe & Central Asia,0.288449235406393,World Bank country/territory or EU
Haiti,HTI,3241.30326869021,0.299374738328049,Latin America & Caribbean,0.0324130326869021,World Bank country/territory or EU
Hungary,HUN,31913.0746552476,4.74550624393641,Europe & Central Asia,0.31913074655247603,World Bank country/territory or EU
Indonesia,IDN,11644.7585390353,2.17846155349724,East Asia & Pacific,0.11644758539035299,World Bank country/territory or EU
India,IND,6675.36129410783,1.79982544579379,South Asia,0.0667536129410783,World Bank country/territory or EU
Ireland,IRL,84555.6348017403,7.62432519277565,Europe & Central Asia,0.8455563480174031,World Bank country/territory or EU
"Iran, Islamic Rep.",IRN,13795.3174673184,7.69301259933288,Middle East & North Africa,0.137953174673184,World Bank country/territory or EU
Iraq,IRQ,10809.4724101413,4.89519536080978,Middle East & North Africa,0.10809472410141299,World Bank country/territory or EU
Iceland,ISL,57211.3003077603,6.23722432177273,Europe & Central Asia,0.572113003077603,World Bank country/territory or EU
Israel,ISR,39906.1246843388,6.97640383662809,Middle East & North Africa,0.399061246843388,World Bank country/territory or EU
Italy,ITA,43036.2437770367,5.37637433931087,Europe & Central Asia,0.43036243777036703,World Bank country/territory or EU
Jamaica,JAM,9968.59449282081,2.89963415544152,Latin America & Caribbean,0.0996859449282081,World Bank country/territory or EU
Jordan,JOR,10253.8174501169,2.47859527268662,Middle East & North Africa,0.10253817450116899,World Bank country/territory or EU
Japan,JPN,42202.4011166689,8.7422577098865,East Asia & Pacific,0.42202401116668903,World Bank country/territory or EU
Kazakhstan,KAZ,26157.6596496269,12.0619691393056,Europe & Central Asia,0.261576596496269,World Bank country/territory or EU
Kenya,KEN,4443.17910861396,0.358028407608337,Sub-Saharan Africa,0.0444317910861396,World Bank country/territory or EU
Kyrgyz Republic,KGZ,5256.39792245424,1.73973556019485,Europe & Central Asia,0.0525639792245424,World Bank country/territory or EU
Cambodia,KHM,4259.20311888739,0.686777894736518,East Asia & Pacific,0.0425920311888739,World Bank country/territory or EU
Kiribati,KIR,2341.19232850631,0.690595811536403,East Asia & Pacific,0.0234119232850631,World Bank country/territory or EU
St. Kitts and Nevis,KNA,28159.273421083,4.95823639345513,Latin America & Caribbean,0.28159273421083,World Bank country/territory or EU
"Korea, Rep.",KOR,43026.2963906338,12.224591362122,East Asia & Pacific,0.43026296390633795,World Bank country/territory or EU
Kuwait,KWT,51690.5689570475,21.6227243085731,Middle East & North Africa,0.516905689570475,World Bank country/territory or EU
Lao PDR,LAO,7775.13187646145,2.66090849278722,East Asia & Pacific,0.0777513187646145,World Bank country/territory or EU
Lebanon,LBN,16054.3624558892,4.03970721671608,Middle East & North Africa,0.160543624558892,World Bank country/territory or EU
Liberia,LBR,1581.03948488783,0.273917114341304,Sub-Saharan Africa,0.0158103948488783,World Bank country/territory or EU
Libya,LBY,15378.5727636163,8.82524913660345,Middle East & North Africa,0.153785727636163,World Bank country/territory or EU
St. Lucia,LCA,15653.2998019908,2.14415305954148,Latin America & Caribbean,0.156532998019908,World Bank country/territory or EU
Sri Lanka,LKA,13169.0947047054,0.998154130133826,South Asia,0.131690947047054,World Bank country/territory or EU
Lesotho,LSO,2677.43631433685,1.21897599376188,Sub-Saharan Africa,0.0267743631433685,World Bank country/territory or EU
Lithuania,LTU,36376.1898152469,4.13700592851868,Europe & Central Asia,0.363761898152469,World Bank country/territory or EU
Luxembourg,LUX,116965.586110774,15.3302080763221,Europe & Central Asia,1.1696558611077401,World Bank country/territory or EU
Latvia,LVA,30877.0419264807,3.95916507798465,Europe & Central Asia,0.308770419264807,World Bank country/territory or EU
Morocco,MAR,7625.73575345848,1.85072678357202,Middle East & North Africa,0.0762573575345848,World Bank country/territory or EU
Moldova,MDA,12659.983658527,3.17183206349277,Europe & Central Asia,0.12659983658527,World Bank country/territory or EU
Madagascar,MDG,1630.18935661644,0.128320761389143,Sub-Saharan Africa,0.016301893566164398,World Bank country/territory or EU
Maldives,MDV,19245.0813901631,3.70367497634302,South Asia,0.19245081390163102,World Bank country/territory or EU
Mexico,MEX,20096.1566534339,3.74147772536983,Latin America & Caribbean,0.200961566534339,World Bank country/territory or EU
Marshall Islands,MHL,3912.6987058732,3.25275628295556,East Asia & Pacific,0.039126987058732,World Bank country/territory or EU
North Macedonia,MKD,16777.4745574718,3.54972529364705,Europe & Central Asia,0.167774745574718,World Bank country/territory or EU
Mali,MLI,2338.53367649202,0.294583927721055,Sub-Saharan Africa,0.0233853367649202,World Bank country/territory or EU
Malta,MLT,44218.9956719403,3.19831624125622,Middle East & North Africa,0.442189956719403,World Bank country/territory or EU
Myanmar,MMR,4575.13099039776,0.605492802809427,East Asia & Pacific,0.0457513099039776,World Bank country/territory or EU
Montenegro,MNE,21489.2255407193,4.0499689020245,Europe & Central Asia,0.214892255407193,World Bank country/territory or EU
Mongolia,MNG,12317.4409245084,6.72509805331754,East Asia & Pacific,0.12317440924508401,World Bank country/territory or EU
Mozambique,MOZ,1320.70226453913,0.225115201178573,Sub-Saharan Africa,0.0132070226453913,World Bank country/territory or EU
Mauritania,MRT,5318.08595433072,0.908407126272224,Sub-Saharan Africa,0.053180859543307195,World Bank country/territory or EU
Mauritius,MUS,22741.3513182703,3.26404031287368,Sub-Saharan Africa,0.227413513182703,World Bank country/territory or EU
Malawi,MWI,1532.66847458818,0.0865337262442186,Sub-Saharan Africa,0.015326684745881801,World Bank country/territory or EU
Malaysia,MYS,28239.5000837184,7.6002204133699,East Asia & Pacific,0.282395000837184,World Bank country/territory or EU
Namibia,NAM,10329.6550239114,1.73589837846669,Sub-Saharan Africa,0.10329655023911401,World Bank country/territory or EU
Niger,NER,1229.22378179329,0.102037038018956,Sub-Saharan Africa,0.012292237817932901,World Bank country/territory or EU
Nigeria,NGA,5278.84839470055,0.667110198543523,Sub-Saharan Africa,0.0527884839470055,World Bank country/territory or EU
Nicaragua,NIC,5867.24389067727,0.805815232908442,Latin America & Caribbean,0.058672438906772706,World Bank country/territory or EU
Netherlands,NLD,57826.6284976675,8.7728237338512,Europe & Central Asia,0.578266284976675,World Bank country/territory or EU
Norway,NOR,69808.3294106839,7.0313611886935,Europe & Central Asia,0.698083294106839,World Bank country/territory or EU
Nepal,NPL,3864.32212409671,0.428179218238,South Asia,0.0386432212409671,World Bank country/territory or EU
Nauru,NRU,13963.7673923866,6.55553474433414,East Asia & Pacific,0.139637673923866,World Bank country/territory or EU
New Zealand,NZL,42575.4449179591,6.5726645716851,East Asia & Pacific,0.42575444917959104,World Bank country/territory or EU
Oman,OMN,33377.2826607888,15.1921243629744,Middle East & North Africa,0.333772826607888,World Bank country/territory or EU
Pakistan,PAK,4853.26655740247,0.981820104961691,South Asia,0.048532665574024705,World Bank country/territory or EU
Panama,PAN,31784.3144872865,2.42765632047745,Latin America & Caribbean,0.317843144872865,World Bank country/territory or EU
Peru,PER,13088.2958384558,1.69681922982601,Latin America & Caribbean,0.13088295838455802,World Bank country/territory or EU
Philippines,PHL,8720.60737919396,1.3336909595387,East Asia & Pacific,0.08720607379193959,World Bank country/territory or EU
Palau,PLW,18074.1999492078,16.191167439004,East Asia & Pacific,0.180741999492078,World Bank country/territory or EU
Papua New Guinea,PNG,4290.69828205284,0.866804456815709,East Asia & Pacific,0.0429069828205284,World Bank country/territory or EU
Poland,POL,31953.0350337072,8.23547225459022,Europe & Central Asia,0.319530350337072,World Bank country/territory or EU
Portugal,PRT,34928.5435337746,4.84061276050869,Europe & Central Asia,0.34928543533774603,World Bank country/territory or EU
Paraguay,PRY,13135.6988678799,1.21045377784493,Latin America & Caribbean,0.131356988678799,World Bank country/territory or EU
Qatar,QAT,93154.2348987235,32.4156391708326,Middle East & North Africa,0.931542348987235,World Bank country/territory or EU
Romania,ROU,29309.2062729793,3.84513275926788,Europe & Central Asia,0.293092062729793,World Bank country/territory or EU
Russian Federation,RUS,28821.2474490524,11.1266183699469,Europe & Central Asia,0.288212474490524,World Bank country/territory or EU
Rwanda,RWA,2138.89969873046,0.0877908243794144,Sub-Saharan Africa,0.0213889969873046,World Bank country/territory or EU
Saudi Arabia,SAU,48735.4604982217,15.2687805332958,Middle East & North Africa,0.487354604982217,World Bank country/territory or EU
Sudan,SDN,4474.6788151623,0.483235877575013,Sub-Saharan Africa,0.044746788151623,World Bank country/territory or EU
Senegal,SEN,3388.94631130208,0.621912356528099,Sub-Saharan Africa,0.0338894631130208,World Bank country/territory or EU
Singapore,SGP,100581.158024992,8.39913483236136,East Asia & Pacific,1.00581158024992,World Bank country/territory or EU
Solomon Islands,SLB,2762.41641187812,0.566740598232995,East Asia & Pacific,0.0276241641187812,World Bank country/territory or EU
Sierra Leone,SLE,1694.32647288051,0.133330736434022,Sub-Saharan Africa,0.0169432647288051,World Bank country/territory or EU
El Salvador,SLV,8822.5507744192,1.0606254107782,Latin America & Caribbean,0.088225507744192,World Bank country/territory or EU
Somalia,SOM,1156.65130160161,0.0459747904898814,Sub-Saharan Africa,0.011566513016016099,World Bank country/territory or EU
Serbia,SRB,17698.0495086667,6.52192219406972,Europe & Central Asia,0.176980495086667,World Bank country/territory or EU
Sao Tome and Principe,STP,4089.15666556115,0.663406497592782,Sub-Saharan Africa,0.0408915666556115,World Bank country/territory or EU
Suriname,SUR,19461.9765178867,3.61119261372218,Latin America & Caribbean,0.19461976517886698,World Bank country/territory or EU
Slovak Republic,SVK,31214.5925736482,6.05863547411852,Europe & Central Asia,0.312145925736482,World Bank country/territory or EU
Slovenia,SVN,38961.5443523867,6.77469533158397,Europe & Central Asia,0.389615443523867,World Bank country/territory or EU
Sweden,SWE,53521.6306428288,3.53800912688421,Europe & Central Asia,0.535216306428288,World Bank country/territory or EU
Eswatini,SWZ,8725.16279270436,0.959275667664665,Sub-Saharan Africa,0.08725162792704359,World Bank country/territory or EU
Seychelles,SYC,28190.4768738254,6.40747400839172,Sub-Saharan Africa,0.281904768738254,World Bank country/territory or EU
Chad,TCD,1614.16828691983,0.0691315979407054,Sub-Saharan Africa,0.0161416828691983,World Bank country/territory or EU
Togo,TGO,2110.82641998658,0.286471388670057,Sub-Saharan Africa,0.0211082641998658,World Bank country/territory or EU
Thailand,THA,18530.2117879533,3.71403920358071,East Asia & Pacific,0.185302117879533,World Bank country/territory or EU
Tajikistan,TJK,3497.32358020808,0.805419539521981,Europe & Central Asia,0.034973235802080796,World Bank country/territory or EU
Turkmenistan,TKM,15201.778571094,12.2596481704872,Europe & Central Asia,0.15201778571094002,World Bank country/territory or EU
Timor-Leste,TLS,3168.41925877539,0.504741812732901,East Asia & Pacific,0.0316841925877539,World Bank country/territory or EU
Tonga,TON,6565.22321467831,1.84110311146426,East Asia & Pacific,0.0656522321467831,World Bank country/territory or EU
Trinidad and Tobago,TTO,26880.6387228774,12.7784401237264,Latin America & Caribbean,0.268806387228774,World Bank country/territory or EU
Tunisia,TUN,11658.7268205614,2.59225886480332,Middle East & North Africa,0.116587268205614,World Bank country/territory or EU
Turkey,TUR,27960.980283621,5.0154183703224,Europe & Central Asia,0.27960980283621,World Bank country/territory or EU
Tuvalu,TUV,4040.29591135419,0.869187309865276,East Asia & Pacific,0.0404029591135419,World Bank country/territory or EU
Tanzania,TZA,2652.39137762855,0.20563473262264,Sub-Saharan Africa,0.026523913776285497,World Bank country/territory or EU
Uganda,UGA,2175.8080625016,0.143462178127508,Sub-Saharan Africa,0.021758080625016,World Bank country/territory or EU
Ukraine,UKR,12633.1340735213,4.15418063140229,Europe & Central Asia,0.126331340735213,World Bank country/territory or EU
Uruguay,URY,23588.1513898133,1.8902440792163,Latin America & Caribbean,0.23588151389813303,World Bank country/territory or EU
United States,USA,63064.4184096728,15.2408745833286,North America,0.630644184096728,World Bank country/territory or EU
Uzbekistan,UZB,7252.98519675475,3.4011912817354,Europe & Central Asia,0.0725298519675475,World Bank country/territory or EU
St. Vincent and the Grenadines,VCT,12765.3077242882,2.54060430088014,Latin America & Caribbean,0.127653077242882,World Bank country/territory or EU
Vietnam,VNM,7768.08021752044,2.69880592228919,East Asia & Pacific,0.0776808021752044,World Bank country/territory or EU
Vanuatu,VUT,3167.73497475442,0.615016656701119,East Asia & Pacific,0.0316773497475442,World Bank country/territory or EU
Samoa,WSM,6537.87520461954,1.63158753467124,East Asia & Pacific,0.0653787520461954,World Bank country/territory or EU
South Africa,ZAF,14209.0938333315,7.4966448945296,Sub-Saharan Africa,0.14209093833331501,World Bank country/territory or EU
Zambia,ZMB,3606.09763197027,0.446065443448411,Sub-Saharan Africa,0.036060976319702696,World Bank country/territory or EU
Zimbabwe,ZWE,4017.2217158275,0.849792905399696,Sub-Saharan Africa,0.040172217158275,World Bank country/territory or EU
Brazilian Amazon,AMAZON,9968.0,40.6,Brazilian Amazon,0.09968,Brazilian Amazon
