date,year,month,price_real_mon_cattle,price_cattle
1990-01-01,1990,1,201.8755938914027,1.5196e-4
1990-02-01,1990,2,196.83383524158128,2.57793e-4
1990-03-01,1990,3,181.65869039451115,4.33109e-4
1990-04-01,1990,4,147.6440960474308,3.87131e-4
1990-05-01,1990,5,156.34447858746248,4.50658e-4
1990-06-01,1990,6,193.027774888404,5.97142e-4
1990-07-01,1990,7,194.26240302698315,6.70513e-4
1990-08-01,1990,8,193.43674310410483,7.54095e-4
1990-09-01,1990,9,230.2301227950429,9.96775e-4
1990-10-01,1990,10,202.91853731039913,0.001006695
1990-11-01,1990,11,162.24007644927536,9.53236e-4
1990-12-01,1990,12,140.6829550839184,9.50535e-4
1991-01-01,1991,1,147.6634838748579,0.001200425
1991-02-01,1991,2,156.12040126065304,0.001542938
1991-03-01,1991,3,150.96862623175605,0.001603669
1991-04-01,1991,4,150.1318067005292,0.001739018
1991-05-01,1991,5,148.01612659374427,0.001807985
1991-06-01,1991,6,151.69838918077858,0.002015382
1991-07-01,1991,7,177.88329234187358,0.002657487
1991-08-01,1991,8,195.41493032583486,0.003374891
1991-09-01,1991,9,191.25253450359105,0.003804051
1991-10-01,1991,10,216.81452516574964,0.005491418
1991-11-01,1991,11,205.93504079951362,0.006546705
1991-12-01,1991,12,170.89948091924683,0.006601011
1992-01-01,1992,1,174.3003739686796,0.008557811
1992-02-01,1992,2,160.3213737717067,0.009877204
1992-03-01,1992,3,150.04239984157348,0.011062207
1992-04-01,1992,4,169.59155185025122,0.01472916
1992-05-01,1992,5,177.99520959341072,0.018740476
1992-06-01,1992,6,162.48276322297636,0.020682953
1992-07-01,1992,7,155.47614316509836,0.02418196
1992-08-01,1992,8,177.11435645747488,0.035094698
1992-09-01,1992,9,196.76808836719152,0.049581138
1992-10-01,1992,10,191.87217864140527,0.060350709
1992-11-01,1992,11,165.0371176758167,0.064592193
1992-12-01,1992,12,180.42549463539302,0.087403596
1993-01-01,1993,1,186.37970637066078,0.114385905
1993-02-01,1993,2,177.11658819261248,0.137212396
1993-03-01,1993,3,179.96441338921994,0.178562545
1993-04-01,1993,4,181.52171242927986,0.231109818
1993-05-01,1993,5,168.25696652473573,0.282892364
1993-06-01,1993,6,155.91365724644723,0.341574545
1993-07-01,1993,7,177.06797617710333,0.513160364
1993-08-01,1993,8,198.8136697448454,0.768276364
1993-09-01,1993,9,199.97416817178404,1.06064
1993-10-01,1993,10,191.1364597963278,1.368865455
1993-11-01,1993,11,180.0124569913267,1.760036364
1993-12-01,1993,12,184.24593530125574,2.444916364
1994-01-01,1994,1,180.53072622300542,3.384578182
1994-02-01,1994,2,164.46466733302668,4.416443636
1994-03-01,1994,3,174.1864986428919,6.719214545
1994-04-01,1994,4,167.75494699927543,9.072469091
1994-05-01,1994,5,152.0266049744842,11.384898182
1994-06-01,1994,6,180.41198525323105,19.658367273
1994-07-01,1994,7,154.67628039830203,20.75
1994-08-01,1994,8,166.65226800000002,23.34
1994-09-01,1994,9,166.80972993152503,23.78
1994-10-01,1994,10,195.9409438726709,28.69
1994-11-01,1994,11,203.59703062982103,30.46
1994-12-01,1994,12,185.63479057249126,27.82
1995-01-01,1995,1,163.7851715288908,24.76
1995-02-01,1995,2,160.4731456151501,24.4
1995-03-01,1995,3,151.14391704103298,23.23
1995-04-01,1995,4,141.88151497011336,22.24
1995-05-01,1995,5,136.87575602816182,21.02
1995-06-01,1995,6,131.77823380962218,20.55
1995-07-01,1995,7,142.9971716177995,22.8
1995-08-01,1995,8,146.41916627812603,23.75
1995-09-01,1995,9,143.42191468087177,22.7
1995-10-01,1995,10,145.20317401244085,22.95
1995-11-01,1995,11,148.5515680111751,23.83
1995-12-01,1995,12,132.27238374646453,21.09
1996-01-01,1996,1,128.15140374911127,20.7
1996-02-01,1996,2,129.95177555898826,21.09
1996-03-01,1996,3,127.82288640563739,20.73
1996-04-01,1996,4,129.75929165484084,21.13
1996-05-01,1996,5,125.1996876723955,20.66
1996-06-01,1996,6,124.93593932616389,20.81
1996-07-01,1996,7,134.55091234821842,22.72
1996-08-01,1996,8,138.58656033989163,23.39
1996-09-01,1996,9,136.89961405915557,23.2
1996-10-01,1996,10,141.3440530958859,24.01
1996-11-01,1996,11,131.37112942492433,22.37
1996-12-01,1996,12,127.42378649850066,21.96
1997-01-01,1997,1,126.41916325617086,22.15
1997-02-01,1997,2,128.89412795653524,22.66
1997-03-01,1997,3,128.1684909699731,22.89
1997-04-01,1997,4,130.72311244588323,23.47
1997-05-01,1997,5,127.48668603790635,22.92
1997-06-01,1997,6,127.84541999860116,23.04
1997-07-01,1997,7,135.46163503422525,24.39
1997-08-01,1997,8,135.99904180981093,24.45
1997-09-01,1997,9,133.1598329589576,24.16
1997-10-01,1997,10,135.62900081484557,24.71
1997-11-01,1997,11,135.86624178632272,25.02
1997-12-01,1997,12,136.04123771968847,25.27
1998-01-01,1998,1,134.70159991618772,25.21
1998-02-01,1998,2,134.19841318553003,25.11
1998-03-01,1998,3,135.5879626649501,25.37
1998-04-01,1998,4,136.0283108518927,25.38
1998-05-01,1998,5,132.4757117797868,24.75
1998-06-01,1998,6,130.9711739084881,24.51
1998-07-01,1998,7,135.1021556624728,25.13
1998-08-01,1998,8,139.8826521850474,26.01
1998-09-01,1998,9,147.47993074896502,27.44
1998-10-01,1998,10,147.37882837362935,27.37
1998-11-01,1998,11,146.59817885048437,27.17
1998-12-01,1998,12,144.56465537730244,27.26
1999-01-01,1999,1,144.036059077283,27.59
1999-02-01,1999,2,145.85081324148487,29.89
1999-03-01,1999,3,142.14829591138337,29.96
1999-04-01,1999,4,138.54112297218907,29.1
1999-05-01,1999,5,133.06151612122517,27.72
1999-06-01,1999,6,131.80843868982075,27.83
1999-07-01,1999,7,138.28187178603702,29.79
1999-08-01,1999,8,140.049362633726,30.82
1999-09-01,1999,9,144.63053799830786,32.56
1999-10-01,1999,10,158.48923821479903,36.6
1999-11-01,1999,11,161.23032258064515,38.57
1999-12-01,1999,12,154.779899277425,37.62
2000-01-01,2000,1,155.58032113624049,38.2
2000-02-01,2000,2,154.2194075575701,37.93
2000-03-01,2000,3,146.3700929254716,35.98
2000-04-01,2000,4,146.64091403823687,36.04
2000-05-01,2000,5,141.95220594893155,35.13
2000-06-01,2000,6,145.13799743403803,36.44
2000-07-01,2000,7,146.1620062192362,37.72
2000-08-01,2000,8,150.0638884185574,39.72
2000-09-01,2000,9,148.48709793925053,39.73
2000-10-01,2000,10,151.42015626545347,40.74
2000-11-01,2000,11,149.6675261367408,40.42
2000-12-01,2000,12,143.8555628689553,39.18
2001-01-01,2001,1,139.80816303535025,38.23
2001-02-01,2001,2,135.40382029012147,37.14
2001-03-01,2001,3,136.60774689891525,37.85
2001-04-01,2001,4,139.43575612844688,39.17
2001-05-01,2001,5,137.15915458612642,38.6
2001-06-01,2001,6,134.23812972814682,38.52
2001-07-01,2001,7,133.44538585301382,39.03
2001-08-01,2001,8,138.5534060022918,40.98
2001-09-01,2001,9,139.10463767159763,41.34
2001-10-01,2001,10,143.8357864451311,43.55
2001-11-01,2001,11,141.58553807437613,43.18
2001-12-01,2001,12,140.96278642182438,42.95
2002-01-01,2002,1,140.81970736736486,42.85
2002-02-01,2002,2,140.26389116146527,42.74
2002-03-01,2002,3,137.82076895469646,41.95
2002-04-01,2002,4,134.40821467388824,41.22
2002-05-01,2002,5,130.79365231116122,40.62
2002-06-01,2002,6,128.26198701252991,40.83
2002-07-01,2002,7,126.12214634146342,41.28
2002-08-01,2002,8,134.45740920969257,45.47
2002-09-01,2002,9,133.1609382166545,46.76
2002-10-01,2002,10,131.21022675975803,48.85
2002-11-01,2002,11,134.5108711025844,53.81
2002-12-01,2002,12,130.27306424621776,53.75
2003-01-01,2003,1,126.843826344561,53.49
2003-02-01,2003,2,124.66497763265305,53.47
2003-03-01,2003,3,121.5503086568063,53.14
2003-04-01,2003,4,119.36334341736693,52.22
2003-05-01,2003,5,116.91411445241785,50.29
2003-06-01,2003,6,119.37065782061714,50.75
2003-07-01,2003,7,125.40614519955992,53
2003-08-01,2003,8,129.04301458126977,54.92
2003-09-01,2003,9,131.1364940642889,56.53
2003-10-01,2003,10,131.04185654063002,56.77
2003-11-01,2003,11,132.65777853439704,57.7322
2003-12-01,2003,12,130.87587680532084,57.3772
2004-01-01,2004,1,129.63992480540276,57.2642
2004-02-01,2004,2,124.9162231024134,55.9623
2004-03-01,2004,3,119.8907768964099,54.2954
2004-04-01,2004,4,116.66857476661124,53.6631
2004-05-01,2004,5,116.28297619624995,54.3979
2004-06-01,2004,6,116.69202982267915,55.4471
2004-07-01,2004,7,116.49753003824397,56.1008
2004-08-01,2004,8,117.50508956040022,57.4829
2004-09-01,2004,9,115.25354971385663,56.749
2004-10-01,2004,10,112.58110637359529,55.7726
2004-11-01,2004,11,113.22075025331836,56.6497
2004-12-01,2004,12,113.05412805526925,56.8374
2005-01-01,2005,1,110.85059133170026,55.7715
2005-02-01,2005,2,106.77602370791844,53.9307
2005-03-01,2005,3,102.5222845471394,52.3722
2005-04-01,2005,4,99.60993016252964,51.0541
2005-05-01,2005,5,99.56437069212936,50.5282
2005-06-01,2005,6,99.46034663032293,50.0812
2005-07-01,2005,7,99.87933075483957,49.9461
2005-08-01,2005,8,97.9488922543104,48.4699
2005-09-01,2005,9,96.6527233185091,47.6957
2005-10-01,2005,10,100.8019483225672,50.135
2005-11-01,2005,11,101.24332419085715,50.4776
2005-12-01,2005,12,97.61800910264668,48.6027
2006-01-01,2006,1,92.77276940678131,46.5627
2006-02-01,2006,2,91.94092955865548,46.0888
2006-03-01,2006,3,91.10868812321836,45.2994
2006-04-01,2006,4,91.20769888535615,45.2785
2006-05-01,2006,5,90.88828826825056,45.3264
2006-06-01,2006,6,88.43153077671252,44.5675
2006-07-01,2006,7,90.50340034789943,45.6876
2006-08-01,2006,8,100.40326214905042,50.9559
2006-09-01,2006,9,105.3325790609228,53.6057
2006-10-01,2006,10,110.93154786076472,57.1123
2006-11-01,2006,11,103.71603716833752,53.7985
2006-12-01,2006,12,100.17363794661281,52.0163
2007-01-01,2007,1,99.14388122756786,51.6471
2007-02-01,2007,2,99.88662335682987,52.1353
2007-03-01,2007,3,101.02441384689611,52.7859
2007-04-01,2007,4,99.94228724259541,52.23
2007-05-01,2007,5,98.67038699040525,51.5472
2007-06-01,2007,6,100.53158039141114,52.5688
2007-07-01,2007,7,109.01553656832256,57.2456
2007-08-01,2007,8,112.22643727274155,60.0841
2007-09-01,2007,9,107.32995946815464,58.4036
2007-10-01,2007,10,109.0036866245089,59.9189
2007-11-01,2007,11,119.82081835464176,66.8224
2007-12-01,2007,12,122.20606791089469,69.4479
2008-01-01,2008,1,119.32161948531655,68.542
2008-02-01,2008,2,117.98403382265906,68.1228
2008-03-01,2008,3,119.69574260427646,69.666
2008-04-01,2008,4,121.91266303376976,71.8766
2008-05-01,2008,5,125.13124961598436,75.4133
2008-06-01,2008,6,138.16269075816192,85.1753
2008-07-01,2008,7,137.57813529820785,85.903
2008-08-01,2008,8,138.65120411780933,85.8825
2008-09-01,2008,9,136.0296191383079,84.6292
2008-10-01,2008,10,134.9449766379944,85.0963
2008-11-01,2008,11,131.87919583706903,83.0208
2008-12-01,2008,12,125.8943579514849,78.5587
2009-01-01,2009,1,126.05228418886178,78.3995
2009-02-01,2009,2,123.09845436393205,76.3258
2009-03-01,2009,3,118.74005138102551,72.5508
2009-04-01,2009,4,118.74977687884613,72.4829
2009-05-01,2009,5,118.49906107459314,72.2595
2009-06-01,2009,6,122.50387149804908,74.2236
2009-07-01,2009,7,125.01724835645945,74.8652
2009-08-01,2009,8,124.8143744218819,74.7986
2009-09-01,2009,9,122.70219463883315,73.7435
2009-10-01,2009,10,122.65283105712899,73.6556
2009-11-01,2009,11,119.20368144128338,71.5566
2009-12-01,2009,12,118.07379338083038,70.6761
2010-01-01,2010,1,119.01133140668057,71.92
2010-02-01,2010,2,117.55874174153578,72.02
2010-03-01,2010,3,119.04013926917794,73.31
2010-04-01,2010,4,121.42763907743252,75.29
2010-05-01,2010,5,118.33066480167494,74.88
2010-06-01,2010,6,117.96274780293881,74.97
2010-07-01,2010,7,121.26166790017986,77.33
2010-08-01,2010,8,125.47359560873329,81.38
2010-09-01,2010,9,130.17046069249645,85.67
2010-10-01,2010,10,135.33927067515998,90.25
2010-11-01,2010,11,148.34029264274312,100.88
2010-12-01,2010,12,140.2387043738992,95.57
2011-01-01,2011,1,138.70039835771587,95.43
2011-02-01,2011,2,138.23678748454168,96.28
2011-03-01,2011,3,139.06422280942311,97.44
2011-04-01,2011,4,138.69663207217985,97.42
2011-05-01,2011,5,136.26292131675154,95.11
2011-06-01,2011,6,131.9332513092689,91.91
2011-07-01,2011,7,134.6686833793324,93.69
2011-08-01,2011,8,138.8348052093343,97.33
2011-09-01,2011,9,134.34428112562662,95.07
2011-10-01,2011,10,131.40109121923066,93.43
2011-11-01,2011,11,135.43742621641093,96.63
2011-12-01,2011,12,136.78166062986685,97.05
2012-01-01,2012,1,133.94515889650708,95.05
2012-02-01,2012,2,133.5081876009334,94.71
2012-03-01,2012,3,129.35790027586611,92.27
2012-04-01,2012,4,127.95878678573852,92.41
2012-05-01,2012,5,126.04345419287635,91.8508
2012-06-01,2012,6,123.78680598732133,91.013
2012-07-01,2012,7,120.8433837548493,90.7417
2012-08-01,2012,8,119.06671441976738,90.9861
2012-09-01,2012,9,121.75484426889221,94.0685
2012-10-01,2012,10,123.91089104700443,95.0835
2012-11-01,2012,11,125.13587331794236,96.1814
2012-12-01,2012,12,124.260900819555,96.2144
2013-01-01,2013,1,124.11917378194913,96.1064
2013-02-01,2013,2,124.63203531625051,96.5859
2013-03-01,2013,3,124.16904781192184,96.3457
2013-04-01,2013,4,125.73843524052175,97.179
2013-05-01,2013,5,123.7542722747789,95.654
2013-06-01,2013,6,122.88160161268007,95.788
2013-07-01,2013,7,126.88883415099481,99.107
2013-08-01,2013,8,126.19675238925464,99.1428
2013-09-01,2013,9,125.61232797244269,100.559
2013-10-01,2013,10,131.01953021162467,105.6364
2013-11-01,2013,11,131.06898434542427,105.8033
2013-12-01,2013,12,133.2583714130781,108.4131
2014-01-01,2014,1,137.54035482251308,112.0256
2014-02-01,2014,2,137.50781335231045,113.118
2014-03-01,2014,3,140.5449284682117,117.8263
2014-04-01,2014,4,141.5351143752572,118.9716
2014-05-01,2014,5,141.42393938484216,117.4382
2014-06-01,2014,6,142.58239812897443,116.9732
2014-07-01,2014,7,145.7446140335749,118.3556
2014-08-01,2014,8,147.3931253695681,119.742
2014-09-01,2014,9,154.9903474585931,125.6841
2014-10-01,2014,10,156.07249684691322,127.4858
2014-11-01,2014,11,165.84576583558638,136.4236
2014-12-01,2014,12,166.40352286116803,138.2947
2015-01-01,2015,1,166.85474126346796,138.9819
2015-02-01,2015,2,165.3918915581545,138.3249
2015-03-01,2015,3,166.2346801718277,140.7505
2015-04-01,2015,4,169.2863940866231,144.9307
2015-05-01,2015,5,169.48643632201401,145.3728
2015-06-01,2015,6,168.0782902079882,144.7888
2015-07-01,2015,7,166.91123236054554,144.6617
2015-08-01,2015,8,166.44946865200987,144.8944
2015-09-01,2015,9,163.37863707888022,145.0947
2015-10-01,2015,10,159.78493499183585,145.2749
2015-11-01,2015,11,159.006564642549,146.6044
2015-12-01,2015,12,159.72079750380757,147.7546
2016-01-01,2016,1,158.25027675333922,148.7737
2016-02-01,2016,2,159.02023912542472,150.7532
2016-03-01,2016,3,159.28629156541746,151.5696
2016-04-01,2016,4,157.8472620320228,150.6338
2016-05-01,2016,5,150.55042975926054,145.8097
2016-06-01,2016,6,148.7712403881834,147.1123
2016-07-01,2016,7,150.3115488221738,147.4355
2016-08-01,2016,8,148.82115355129457,146.7027
2016-09-01,2016,9,149.43067905168223,147.2596
2016-10-01,2016,10,151.64313379341303,149.5015
2016-11-01,2016,11,151.6629974640888,149.5111
2016-12-01,2016,12,149.29133274874016,148.7866
2017-01-01,2017,1,148.7187,148.7187
2017-02-01,2017,2,146.66127554071034,146.4797
2017-03-01,2017,3,144.80875459399564,143.4974
2017-04-01,2017,4,144.22876885751398,140.122
2017-05-01,2017,5,143.31190001807462,137.6968
2017-06-01,2017,6,138.03030192148273,130.5877
2017-07-01,2017,7,135.98646481364742,127.7957
2017-08-01,2017,8,136.55739297069513,128.6654
2017-09-01,2017,9,149.96925827535748,142.6781
2017-10-01,2017,10,146.24140054660418,139.0897
2017-11-01,2017,11,144.2338439503856,138.641
2017-12-01,2017,12,143.92147049257846,139.8168
2018-01-01,2018,1,144.55579636708677,141.2471
2018-02-01,2018,2,144.1531625786231,141.0693
2018-03-01,2018,3,143.4023875187998,141.4163
2018-04-01,2018,4,141.38714741752167,141.1923
2018-05-01,2018,5,136.39310662693111,139.4122
2018-06-01,2018,6,133.72617226866404,138.9715
2018-07-01,2018,7,135.07763096018567,141.1062
2018-08-01,2018,8,136.62557411038466,144.1369
2018-09-01,2018,9,135.64130072912187,146.7385
2018-10-01,2018,10,138.3254512043031,149.9001
2018-11-01,2018,11,140.40405978182983,149.5633
2018-12-01,2018,12,143.3855390758079,151.4878
2019-01-01,2019,1,143.24951274794307,151.0588
2019-02-01,2019,2,140.43900125260632,150.7419
2019-03-01,2019,3,140.19192135193398,150.5515
2019-04-01,2019,4,137.38408581725565,151.0894
2019-05-01,2019,5,136.01097264277507,150.3643
2019-06-01,2019,6,133.64409631906003,148.9768
2019-07-01,2019,7,134.88689664246664,150.0365
2019-08-01,2019,8,136.50922418231391,150.4691
2019-09-01,2019,9,135.62431982263902,150.5327
2019-10-01,2019,10,138.13270334964147,154.6095
2019-11-01,2019,11,163.55412910826297,185.1035
2019-12-01,2019,12,170.27573182266127,197.2198
2020-01-01,2020,1,159.13759478759056,184.0845
2020-02-01,2020,2,160.93342554747886,186.1037
2020-03-01,2020,3,159.60851681026318,188.8782
2020-04-01,2020,4,154.76595591416918,183.3405
2020-05-01,2020,5,150.63732014214236,181.6093
2020-06-01,2020,6,156.47790774094642,192.8431
2020-07-01,2020,7,164.8205417325472,209.5002
2020-08-01,2020,8,162.4274712683077,217.6797
2020-09-01,2020,9,155.6165779195944,217.6797
2020-10-01,2020,10,167.74401495425974,246.0475
2020-11-01,2020,11,179.553200046582,272.0791
2020-12-01,2020,12,172.50958809537582,263.1763
2021-01-01,2021,1,171.006154777101,271.115
