gamma_fit,theta_fit
606.3192696833332,0.19230362596666664
587.6237203383334,0.3927251261816666
532.2778449333333,0.393857076375
667.8348931783333,0.27505527808333335
615.3195643816666,0.27505527808333335
484.2633816483333,0.24835004700666666
452.49443389,0.15941658587783333
424.133266785,0.321646538115
439.7970263266666,0.28969097437333335
533.0695303000001,0.22020193460266668
518.9050804850001,0.22020193460266668
681.7397132666666,0.27505527808333335
600.513616825,0.30308128694666664
592.0511843449999,0.39520593885833344
611.2190042966666,0.27505527808333335
548.3674813933334,0.27505527808333335
383.751951755,0.27505527808333335
357.27878523333334,0.24393532075333332
355.16504953,0.20643501123
356.64242732499997,0.2092382478
521.3316843916666,0.22020193460266668
501.00698208499995,0.2010895067611667
661.3233002733334,0.5671616938333334
583.39985471,0.5690923256450001
547.3405494750001,0.48108922858666664
534.908733595,0.45050708061833333
372.39065452833336,0.5187927603616665
346.70121965666664,0.61679702139
342.62535804833334,0.5950712032833333
361.242764995,0.5795713492333333
796.4057760633333,0.22020193460266668
499.59154808833335,0.22020193460266668
481.7157999183333,0.16400854451716668
701.6477694866667,0.59429142177
648.7552828416667,0.6520729458666666
561.9461086783333,0.6489168570833332
537.401965065,0.6457616008033333
494.96654502666667,0.6548441059450001
465.6907134483333,0.5739256871866667
474.15100633666674,0.435367720845
463.6609243,0.5795713492333333
653.3528827366666,0.7529009782383334
662.4935871083333,0.3581622543266667
684.204985535,0.3666559355533333
758.6587767849999,0.5664698519166667
762.6172348566666,0.4365944749516667
756.02766822,0.22127484620066665
629.8025483983333,0.18963368150833337
606.0890095650001,0.1093689102215
582.2844251050001,0.10857010725699998
531.3035160583333,0.33347510296733335
486.26270435666663,0.33347510296733335
487.55523021166664,0.33347510296733335
480.65117417666664,0.33347510296733335
473.150151655,0.33347510296733335
591.0327868083334,0.5269266088483334
565.5310319816667,0.5384228101183334
535.9082156316666,0.6213758895616667
529.39667077,0.8269366414283332
491.9732541199999,0.9619794297683332
470.80302430999996,0.8663927481833334
484.81214628500004,0.6701204240816666
497.68273784166666,0.980497094155
629.1172507883333,0.78354258681
640.151210325,0.78354258681
613.9925820433333,0.78354258681
620.3934897883332,0.7674621351666668
649.3609860183333,0.46700131062833333
659.6875694616666,0.35942038922166664
738.896410325,0.5344631080566666
748.0118261349999,0.5664698519166667
749.4386079833333,0.4313780452064999
733.8658657599999,0.2947689274973333
602.1748017716667,0.14947312431783333
582.6136117783333,0.10889316255116667
552.5038461316667,0.093740237867
553.6086071683334,0.08104432599233333
549.803133925,0.33347510296733335
549.3255743783334,0.33347510296733335
495.29044452166664,0.33347510296733335
494.679474455,0.33347510296733335
483.1087224583333,0.33347510296733335
463.50344066499997,0.33347510296733335
588.31190519,0.3929493374371667
555.1141717916666,0.512082567485
564.2826378683334,0.5269266088483334
540.0451597983333,0.5269266088483334
513.7092544166666,0.6800260140666666
525.5718022016667,1.1904154758533334
478.4213894433333,1.1904154758533334
471.09960746333337,1.17203887638
483.3212425133333,1.1511514204450002
495.3213541833333,1.4597449095200004
633.340790935,1.7161040479416667
643.7213834116667,0.78354258681
663.1694586216666,0.78354258681
627.9815476916667,0.78354258681
604.6291773949999,0.78354258681
616.3815249566667,0.78348226302
630.4707043316668,0.6848000376083334
643.8374564283333,0.29707144212633335
723.5909456483333,0.30482844855333335
723.5591346183332,0.42897456012999996
729.5186327399999,0.5205003797050001
703.6787738233332,0.35545673806116673
570.8587874566667,0.1885216181855
555.6916698533333,0.18772637855733335
528.2209482516666,0.16991776710616666
528.5254236383333,0.138962939585
561.8009176133334,0.33347510296733335
560.63525096,0.33347510296733335
510.95503909666667,0.33347510296733335
504.93853919000003,0.33347510296733335
485.093121195,0.33347510296733335
464.2688497383333,0.33347510296733335
512.92300288,0.3429518785113333
601.63418306,0.3929493374371667
545.91729934,0.3929493374371667
493.1907630316666,0.41573754396000007
527.6100341633334,0.508649727215
553.43384714,0.5269266088483334
507.2553201733333,0.5662788589783333
502.02732214499997,1.1886253224649999
480.9013563016667,1.001337654845
477.65718057,0.7859035344049998
484.4308138933334,0.8097470777466667
490.116669735,1.2879144918783332
601.2628775816667,1.6604789769116666
614.7387978233334,0.78354258681
635.88486125,0.78354258681
626.5270806116666,0.78354258681
591.2172736216667,0.78354258681
610.4300110300001,0.7704401818850001
625.9850524383334,0.7745853912983333
644.0432552483334,0.46176012051333326
715.3426862816666,0.29108833167649995
718.9921749716665,0.29529358440683334
710.699596565,0.49474176002833337
701.8549710183333,0.43747710567166664
546.7339065133333,0.39646901171666665
520.0879229633333,0.25551630927333335
501.971235965,0.20757822228050002
503.00142038333337,0.20758758866316665
581.8254145116666,0.3411648205673334
586.3065046383333,0.33362239849816666
525.3657075816667,0.33347510296733335
522.2121588366666,0.33347510296733335
502.88434640500003,0.33347510296733335
485.92393590166665,0.33347510296733335
530.4717817983334,0.34627182126966666
525.2019558933334,0.3926653063891667
522.8003109166666,0.3929493374371667
521.1574820133333,0.3929493374371667
467.97105812666666,0.46787988099500005
459.76597322166674,0.5269266088483334
453.68602738000004,0.5271909687883334
447.6057685933333,1.1136541665216668
522.7600544433334,0.8101836732783334
517.2399654133333,0.7526999188766668
523.3084893183334,0.8320618536933334
526.00344877,0.7853207048266666
622.2662662616667,0.8781564846283333
627.5335615733334,0.7700053503916667
627.3254049716667,0.78354258681
629.3956518183334,0.78354258681
589.0660667750001,0.78354258681
606.6165409316667,0.741162241315
632.5191177500001,0.7728220007883333
662.5935003,0.7264812172399999
662.51233213,0.33752416628500004
642.863034395,0.29108833167649995
627.6064386166667,0.4159491115916667
637.0482547633333,0.5355538726083334
588.8261149933334,0.5084500991783334
558.4976348,0.39504587259500007
548.0057223033334,0.3264757803483333
548.332982695,0.14847449479499997
393.35971384666664,0.14063850573833334
581.3414010383333,0.3718967529198333
593.7822450316667,0.3573885258705
531.330108165,0.34806017042066667
525.9867752516666,0.3365450326356667
510.57046878666665,0.33347510296733335
492.97528638500006,0.3335426743855
535.1330720183335,0.3559871303915
520.9368175183333,0.38837065933966664
521.2235198233333,0.3929493374371667
524.5804014666667,0.4691904258149999
469.68778325,0.5178433733066666
467.59970077833333,0.5269266088483334
469.3447092366667,0.5341562212483333
466.3860807716666,1.0084091983433334
538.70013997,0.7531997434816667
526.6378030533333,0.7111048341683333
525.2104057816667,1.5067258346866663
534.2695635133333,0.8973688494799998
615.7716102566666,0.5987266982583332
618.0264635733333,0.5759449212583333
617.3051822683333,0.7831516388133335
615.54856727,0.78354258681
569.436772995,0.78354258681
592.8820033266667,0.7339222684616666
619.0791818216667,0.7728349791133332
645.4204345666667,0.8147430233933334
654.3679220633333,0.5032827622733332
610.8286299583334,0.29108833167649995
628.6018352566666,0.292444460067
607.9626288066667,0.5077822263533334
563.3070036266666,0.5194745717
552.8356168949999,0.4688987534716666
547.5721713016667,0.4675753309766667
547.9649343,0.314011387955
387.96440980833336,0.2733712621
383.5035359016667,0.16060764569066666
377.1607330716667,0.299318999362
389.6859893116667,1.3486177102083332
303.0810185633334,1.400654057875
590.4090974716667,0.3718967529198333
533.02508987,0.3718967529198333
525.4661956666666,0.35658073462549994
512.3555275933334,0.3364426192405
496.8947041383333,0.36348801533299996
547.085397955,0.3928816325628333
533.235652345,0.3929493374371667
530.915543215,0.4117911881116667
532.01002936,0.523655734915
476.9885232233333,0.5269266088483334
475.54221053833334,0.5269266088483334
473.1659649033333,0.5269382423883333
464.75175482333333,0.8053101218416665
541.8313656783333,0.67463475904
533.6846715866667,1.053614177125
523.440028855,2.2073401124216665
524.5038210033333,1.647514560235
606.34627921,0.6576602973633333
602.34552178,0.5696968563683333
605.1582573566667,0.5360099292816667
598.7008077866666,0.7461778391583335
550.7672839249999,0.78354258681
551.7226515133333,0.7480476268083333
571.4006760816667,0.7744839804716667
596.1486826766667,0.8728824022566666
631.1107481416666,0.6356561003016666
621.8641777483333,0.32752845338666664
564.4265676583334,0.29108833167649995
566.4405297233334,0.3802306413433333
545.9531773933332,0.5104308244216667
543.993903785,0.47547547256666667
542.7190251516668,0.540365328865
541.6016878833333,0.4962649691966667
379.5287782583333,0.642561703325
368.48423583499994,0.4825152410183334
375.0221584816667,0.8225531631316667
377.6840734333333,1.6730071720183333
294.48314996333335,1.686334930868333
286.70392619166665,1.108899240815
282.42103411333335,0.7402761417133333
270.23747595,1.0386642555383332
596.2681542316667,0.3718967529198333
532.9363649966667,0.3718967529198333
525.7635599033333,0.3696275527631666
514.4983238666667,0.37179667956133333
500.8439177733334,0.3789195183595
554.530030895,0.38129197012233335
541.4334916866667,0.5422519025166667
539.9545402433333,0.5244123803083334
540.8515714033333,0.5269266088483334
481.0157472033333,0.5269266088483334
477.69496422,0.5269266088483334
473.7262016133334,0.5269266088483334
464.46488764000003,0.528738856655
537.7866241066667,0.5698124598483334
534.59259874,0.6647154353983333
528.7751944883333,2.088517984055
515.7605629933333,2.233076065555
602.9412931916667,1.26565859848
588.7130995483333,0.6385191665850001
585.1704564183333,0.5776923901116666
580.6194749383334,0.5377748620566667
538.28235221,0.6207612193400001
519.8761300716667,0.75355835031
519.32406592,0.7089737087950001
512.8132741233334,0.83299117901
542.592926385,0.7097227249566666
528.1910302816667,0.3593563880083333
527.6315687199999,0.6267462471233333
530.5807297616666,1.1187508105983335
530.9279306266667,0.6843521255216667
529.4733334966667,0.5109610092216667
531.9401119483334,0.5586323032066666
525.0914387333333,0.8075348601599999
367.04748632666673,0.8661262000650001
364.6733260266666,0.99043239828
364.7936110533333,1.7512917350266668
359.0738443183334,1.4195261815316669
281.9390916883333,1.4765380619583333
277.061623965,0.60743708485
278.18748830833334,0.683221434035
259.502715355,0.7359586525566668
247.74549015333332,1.1963652140383334
648.8128416466666,0.39574754281283336
614.9731004116667,0.3724344225363334
607.4433868266667,0.425150071436
592.4531710066667,0.6203536377683333
573.0147883300001,0.625009770305
559.773940465,0.723077851155
549.4981104049999,0.6289244606316667
555.1602173566666,0.638678621315
549.5157900716667,0.6607882545166667
547.7879116716666,0.6312338602233334
541.1311021966667,0.5499050718183334
536.5328646516666,0.5635536380966667
528.7348848066666,0.59464451431
524.1466403733334,0.60670961465
509.9586199283333,0.7476732192116666
508.79986265,1.6583451568683334
502.81948687333335,1.4682435448849998
592.6586275916666,1.1979508128133332
578.20087136,0.6197731914083333
565.7989257666667,0.6258456850266667
564.33837467,0.5620972542816667
549.931213825,0.5571034850483334
548.9223298383333,0.4811394650966666
543.6796988283334,0.6720035406983333
545.2654727483333,0.7212082990983333
636.1321884966667,0.58067991015
639.5680211016667,0.2904053421016667
641.1882596,1.24451249852
635.3692102766666,1.42974190447
653.8859140233333,0.9653716867816667
662.0287885116667,0.6541458501516667
663.7346141366667,0.7522365880699999
649.433681245,1.1679021407283332
523.362876485,1.1814414264116668
521.74106475,1.476069386518333
516.29560801,1.93573536926
509.58361208499997,1.8343813143666667
389.38736744000005,1.1621781467133332
385.82474137,0.820790187355
377.29327495,0.6736907636316667
361.4385731783333,0.9238926458366666
226.02971199166666,1.366681906081667
221.08417062666663,0.904062793925
636.509928145,0.5336086873698334
615.41981485,0.5596239629649999
604.8670778333334,1.009312880465
588.0446690633333,1.2829510958133332
573.3574854733333,1.3027024288933333
562.9138422683333,0.8199202780233333
552.618724995,0.6910961219616667
550.0094500016667,0.65642354937
537.39901961,0.6894703507066666
537.762327375,0.8852826523999999
532.6703925950001,0.6657039323966668
530.2681852100001,0.643116379065
523.9531705016667,0.7815181103033334
516.6222812783333,0.7651341415633333
502.9542122433333,0.9456288156433333
491.0069144866667,1.5472502393466665
487.23973355,1.355076548365
581.0944907016667,0.6572989338783334
564.2392316099999,0.5140422926733332
545.0804569016666,0.4995644334333333
548.3780946683332,1.0732493285166664
546.6616089016667,0.6048374878616667
549.4212363233333,0.59173223459
551.6741815866667,0.6990442054233332
557.2768783683333,0.7877716425666668
657.97863523,0.6754271077716667
651.5509601366666,0.9683168860883333
636.8041163883333,1.4229894837916666
623.30904775,1.3826947444516666
631.8393664933334,1.089584602065
643.6909611283334,0.8717696111850001
638.06098422,0.6542047611033334
619.2025124883334,0.9038546411916667
502.21265113166675,0.9398068248166666
495.061007945,1.5604730332933334
490.7711399633333,1.8251282968666667
486.7411930183334,1.9876677497666666
369.96393159499996,2.0558396102333334
364.3982854583333,1.1097753673183333
353.2394004083333,1.0666576567566666
339.5283372366667,0.8095199235166667
210.78201435333335,0.6844691073316665
211.8004552633333,1.1628976268566666
635.7972645616667,0.5029457692846667
616.9302921533333,0.5231706502100001
606.044233975,0.6476303174583333
604.0753644016667,0.9468719903283332
589.0280653366667,1.3585206256916667
578.9707729950001,1.0842775085550003
568.3596386683333,0.7020613413216666
557.0739566550001,0.6492131342183333
541.4157273516665,0.5077713282233334
527.0933229983333,0.5213699157199999
522.370633375,0.8722372065300001
521.0587064733334,0.8782918708566667
519.8625513166668,0.7435456395233332
518.2029558616667,0.7547391658433333
507.3640295783333,0.90015447683
489.70709174999996,0.7908277698116666
477.49927843,0.9159774021900001
469.92287573333334,0.9111396502149999
560.8912637216666,0.5197281874083333
550.83701935,0.5464868322216666
540.5740838333334,1.1379602167266667
543.8274476866666,1.2199150572616668
541.1722353700001,0.60094586453
541.368145135,0.47399234312166666
538.7560805683333,0.46978055179500006
554.411208875,0.7708208035250002
646.2981593549999,0.93688824409
635.5812071283333,1.1030195096183333
634.9828974033334,1.4732697171833333
630.3384484799999,1.249484880195
654.5993013516667,1.0836024049733333
631.4315543416667,1.1268031958416667
608.7040849966666,0.8838178892633335
590.6473808349999,1.0058405198999998
474.47194482000003,1.1606236151333333
471.09260217499997,1.7294411270333334
470.4856979433334,2.1530848082999996
467.9938201766667,1.8907943987000002
345.76105568833333,1.5486829465333334
340.7805576233333,1.155295580055
324.549001725,1.3356149951466667
311.0587908083333,0.8374825623383334
194.63762713666668,0.7193792740883334
197.63194732666668,0.7355193790166668
677.490507055,1.1012712926166666
661.5535754266667,1.1012712926166666
647.40558236,0.5912788318266666
631.524572485,0.4916851562716667
608.70560736,1.0661103382516668
606.3487173316666,1.39062717317
591.164287245,1.39062717317
580.949456125,1.073768221075
570.0583606083334,0.7595152764333334
556.5722942,0.5486735528666666
536.143575885,0.51422697179
526.8521789450001,0.8041687949683334
522.9942745633333,1.0095372921033334
517.9612744183333,1.02004366761
517.9473759966667,0.9932453892716667
506.93348669833335,0.83933239835
497.77519518166673,1.1187693861216668
485.31023227000003,0.8305244548983333
471.9934514116667,0.8494401303783333
460.11349120833336,0.5220176466966666
553.1531950433333,0.461375162415
548.37842017,0.48834600832999997
543.7948762866666,1.195069988275
541.6551074716667,1.048919420075
538.4223699949999,0.5243486553266666
526.25744905,0.544395663085
529.4044655183334,0.7438302556916668
548.6098129316666,0.9143950208149999
651.0521006816667,0.9239299761883334
627.9723024266666,1.0602888163316666
622.8368698783333,1.095978104645
636.4403853499999,1.063918827355
671.8953048216666,0.98912183932
631.7538970533333,1.098364135545
591.5843432266668,1.2415834450833332
560.6376535816667,1.409978774306667
449.53720743833327,1.3961431463166667
448.3792629733333,1.6115081487999998
451.20583846333335,1.8457229909500001
445.9753148983333,1.6740117701666666
335.21473896333333,1.7311207330833331
323.78076841166666,1.4888679971500003
305.287235555,1.8859334795499998
286.03198351000003,1.4272971139983335
179.10563112666668,1.2857148920616666
721.7255463116667,1.1012712926166666
707.2164257983333,1.1012712926166666
690.7740265316667,1.1012712926166666
673.4902042383333,1.1012712926166666
660.820932955,0.6989457643899999
658.681099035,0.6430844609533333
644.2109535516666,1.340567280645
633.3555503633334,1.3620414073116667
621.3742228483334,1.0823237781033335
603.3355736599999,0.9923602953583335
618.31049902,0.7965696119983334
601.6608988983334,0.5265272091383333
585.0809938883333,0.9138302427149999
573.3239353666668,1.02004366761
573.9245268216667,1.02004366761
563.4594099283333,1.5110440193699999
551.0292408016667,1.97384771695
537.3688023283332,1.2505297445616665
579.708524195,1.3475782059216668
564.3903499583333,0.6421291721416666
550.9169452633333,0.5136326734433333
536.774818825,0.509033624055
635.8696451516666,0.47286276811166666
632.8854043733334,0.5694274139766666
630.0450624616666,1.2281325078916665
627.81317518,0.7356354975433332
679.52785751,0.5599150783083334
677.35190258,0.4441259970583333
711.35878749,0.7382981122000001
700.4212070783333,1.0583893973983334
663.7904002783333,1.0730834828783333
655.2350801433333,1.0730834828783333
657.8932516633333,1.0730834828783333
660.8915148183333,1.0730834828783333
619.5009511016667,0.9814619042783334
589.0147955983333,1.1569284226183334
565.9493471816667,1.3798595919133334
534.8248039616667,1.45305824865
400.5760973833334,1.6591783104166666
402.0885784266667,2.0203754919
406.68082452500005,1.92194852015
405.15339127999994,2.400782257333333
334.8434406966667,2.369423395766667
331.0172651233333,2.0876618138166667
313.89970380666665,1.7162648630499997
294.88218078,1.5927019921
749.1821147400001,1.1012712926166666
747.87071455,1.1012712926166666
732.4374538116666,1.1012712926166666
715.8153402500001,1.1012712926166666
697.1352510216666,1.0664136920816667
690.2068920583333,0.679064015245
681.7304778516667,1.2760522061300001
661.1317977533333,1.39062717317
648.030533685,1.1927533095316667
628.886776335,0.9661893184583333
613.1815532733333,1.360770098545
628.22398788,1.9229352495666665
613.9894235683333,1.6516796876083335
598.5304296583333,1.0217338251299999
582.7640639033333,1.21121754538
578.6323001616666,2.995316822666667
561.560087225,3.9907992155666663
545.7527469933333,4.269647961666667
531.9666245316666,2.3548279059999997
569.5833257666667,1.6666725567100003
557.70310526,1.5490828214566668
547.5379348366666,1.0512724683116668
533.86918297,0.7930407825733333
633.43398312,0.47797932122000003
627.0965463716667,1.09782845397
626.986484775,1.1458083948716666
618.5442293,0.6512373456916667
674.8882862316666,0.5161124627216667
676.5570307466667,0.40293415784000003
700.2493056483333,0.665537294195
686.9505071683333,1.0730834828783333
654.088717805,1.0730834828783333
647.377401135,1.0730834828783333
642.036513975,1.0730834828783333
642.4879904566667,1.4070826098333333
590.4554697883334,1.5030425826166665
567.8609246816666,1.5652029634666669
548.8774580333334,2.715786222966667
513.4328708916667,2.3740860591
385.83695069166663,2.6236861562833336
374.6587133083334,2.26553636315
371.60879501499994,1.3756230190766665
373.90675642166667,1.987820473366667
321.85987693333334,2.673856140916667
313.97170962166666,2.3880145839166667
293.8185031633334,1.4231308160416665
775.2754137933333,1.1012712926166666
770.9144991183334,1.1012712926166666
760.16963108,1.1012712926166666
745.4218178583334,1.1012712926166666
725.7849996283334,0.9035893039566666
715.8075876349999,0.9509952465966667
698.0183889016666,1.39062717317
677.5545966383334,1.38601683778
659.9297386883334,1.083098673895
638.85227697,2.0644612401666667
625.05882097,4.1339656048833335
639.693152395,4.292367440833334
625.2357041383334,4.290822675849999
611.749940115,3.9377723014166666
587.3901460116667,3.5259043961833334
577.6450502199999,3.811412474
562.5456573933334,4.292367440833334
546.22216428,4.039709171816667
523.8251462,1.9714147137400002
562.756915875,1.6805356243549998
556.1080599716666,1.688980210535
545.3515647616667,1.1041021537733335
534.03609642,0.9668816268666666
629.6054711516667,0.5062567361883333
626.3500108116666,1.2301477949766666
615.0874945266667,1.7628799579283334
603.438066505,1.7643200241750001
669.8758387666667,0.89043904537
678.966846655,0.5687768357516667
690.7460809466667,0.6107537071816665
672.706565435,1.03020519731
637.8515695033334,1.0730834828783333
642.6133336766667,1.0740932055516668
638.72970499,1.4278435479166667
630.4929126816667,1.64454379895
587.8333688666667,1.6483897850999998
573.08431122,2.2368324173333334
562.1423556083333,3.0690748964166668
519.3370404766666,3.242000674033333
380.61383546999997,3.423001068183334
369.65976949000003,2.7884066317666667
366.23374119166675,2.155658665533333
798.6357636883333,1.1012712926166666
807.81847307,1.1012712926166666
806.765082795,1.1012712926166666
795.2466991366666,1.1012712926166666
777.6727813316666,1.078191562785
753.266006125,0.9018484519333333
728.9037569999999,1.1462140699783334
709.9784307866666,0.98958221677
683.880214335,0.9509147621216668
667.7819272333334,0.853968766475
652.0370000500001,1.9623024442666666
633.7205047733333,2.05164363145
646.48177203,3.7695889248833336
631.7793021333333,4.292367440833334
617.9327580233333,4.179209898933333
592.9418703833334,2.3031151385
584.8003461166667,1.579459539345
568.88868901,3.4287252500666665
550.0277865133334,2.072713743083333
532.094350005,1.2200990040783333
578.8396064466666,1.583126602703333
565.0202197116666,1.6893762114683335
548.4467465166667,1.1391055061616666
537.8976320816666,0.8597259143233333
627.99746243,0.9410314163500001
622.6705106883333,1.4058003158966668
608.9954609366667,2.0104756822216667
605.1709687033333,2.0179113016916665
676.4707977933333,1.0026136660033333
662.76044545,0.8739581858600001
654.54617479,1.322574268955
647.5949546783334,1.0711110800383334
622.569247,1.0730834828783333
624.557819885,1.0915228015933331
618.9002333766666,1.5725281231000001
618.68621653,1.6483897850999998
564.6038590666667,1.6383429056166667
545.4486604016666,1.8035076212833334
538.5940237016667,3.0645747443333335
508.37356808333334,4.093665878066666
374.58290571833334,3.0896526287999997
359.59717398,3.0378195389500005
362.33328114166665,2.6843486517166664
771.6050059733334,1.5438984895816665
763.1442278666667,1.5415924041266669
757.6789178833333,1.422809721305
741.172512565,1.2293648872916667
775.1930542616667,1.22281820222
758.7199689633334,0.9545273611383334
732.4216060816667,0.8406752747083333
716.4369204366667,1.3092648939533333
735.199853615,1.4960793022533334
713.15516528,1.3902737088933332
687.9071846083334,1.4993716923133331
669.80459113,2.5370376374833334
672.5009529366667,3.3388725371
653.9412388000001,3.3310860812000005
633.11917752,2.6461375254
613.2591174133333,1.3730035111999999
572.2407078533333,1.4239510552583334
558.2853050933334,1.3560030786000001
540.83784055,1.1969386537116666
527.4961405416667,1.2314322535533333
632.6437341183334,1.654571899205
615.8927980966666,1.1625680794200002
599.9002249833334,1.0885632778866667
577.0574264183333,1.08806816913
612.0237875716667,1.0881405955016668
607.1589062966667,1.233088777425
607.3649226033334,1.9707132182533333
598.8938326616667,1.85113089078
625.0235412083333,0.6621771842966667
607.0980374549999,1.343707925615
592.6545710299999,1.65100158334
588.783680045,1.0750161788933335
601.4252021116667,1.0730834828783333
593.8329227283333,1.0730834828783333
596.5489899033333,1.5396567075166667
588.654336145,1.6483897850999998
422.2295810116667,1.6518066085833332
411.224291695,1.6827791011166664
415.00316884,2.142574623216667
375.29546260000006,2.8803591079166666
269.04493307,2.5036570906666666
266.2943162666666,3.6290139278500004
263.81773181166665,3.1074374310166664
786.894920895,1.922775143035
780.8958959783334,1.9457036860016665
771.0007831016667,1.7488463856783334
758.3762366333334,0.9761277335016666
800.6629997083334,0.8220025917483333
787.9206162933333,0.7547819030016668
761.0163192433333,0.796188048555
743.4914642566667,1.7627428330783332
762.3371825183334,1.9304159221666668
734.6469893916667,1.92728431589
699.0414678449999,1.9306721858199998
671.8550859766667,1.855931471515
670.8951684616667,1.3614996474066665
649.0109481366667,1.2802301792783333
630.884365705,1.2802301792783333
617.9907816316667,1.3163827822766667
578.2420232466667,1.4239510552583334
567.2646298016667,1.39946589267
553.0717113766667,1.2636859091516666
538.4196694650001,1.2533034814566666
646.25093991,1.6205341859916669
628.483748045,1.0463417349466666
602.08143339,1.0812831247099999
586.609897155,1.0881405955016668
627.2043522499999,1.0881405955016668
603.3229008800001,1.1461350789083333
589.6916816,1.7687732288216667
588.4717916483334,1.946138534703333
624.8292209483333,0.715855626515
593.2172895116666,1.19357202046
572.0331452783333,1.686277792245
564.45777624,1.1785402889583334
581.1486358383333,1.0730834828783333
571.4177140633334,1.0730834828783333
566.6697686716667,1.3535377135833333
567.30657158,1.6487249405833333
420.1513813716667,1.7169683142166665
396.4399909766667,1.7097949826333334
391.04328657,1.6002185879333335
354.5610718933333,1.6341039585166666
258.607868605,1.4008023562666665
257.5328051816667,2.2515234980666667
780.5817256366666,1.7559785094383333
787.3532886883334,1.3376542620683334
783.4021378916666,1.158237498645
778.11147283,0.6757124516433333
825.4513895466666,0.6739677259266666
806.4126770199999,0.7243233145966667
788.1092815616668,0.7731651505699998
774.8534502783332,1.294572283565
792.5069209266667,1.4803279981099997
754.5002813483334,1.3051829495683334
713.9453412233333,1.7019882950583334
677.7901278850001,1.5863926614083337
671.0480062883333,1.2802301792783333
645.0857851116666,1.2802301792783333
627.8465285716667,1.2802301792783333
617.2246045166667,1.32416366317
582.1896920766668,1.64884207015
576.9291493333333,2.0506346722499997
568.4333943683333,1.9521139822833333
549.5724213466666,1.3802327342383331
652.4794150299999,1.4570199870766665
636.3288957,1.07805380759
607.4079360166667,1.0719306740533332
579.5393674000001,1.0881405955016668
629.1204542966667,1.0881405955016668
604.286978705,1.1974824937133333
579.6255218066667,1.6062964094833332
571.0027547883334,2.0177563251783335
625.234603415,1.7682661484866666
615.4743408816666,1.5795626732516665
567.4662392533334,1.6724793951766666
541.6111363383334,1.0835208586033334
556.21158106,1.0730834828783333
544.7927848216666,1.0730834828783333
542.1245831183334,1.2432456169583335
534.8299664733333,1.6483897850999998
404.2689517516667,1.689305339383333
377.2814252383333,1.6737869344666667
359.5694982333334,1.375041955
335.628457015,1.1690905208416666
249.23322082666664,0.8202787570766666
251.52650990000004,1.4921012657833335
785.0808871966667,1.32508586498
784.4591176566666,1.343072297295
785.7827436083334,1.2141343700633334
831.8391608649999,0.7542003603433333
817.3628877550001,0.7906173841216667
804.7632886533333,0.802930375895
791.5322052549999,1.0572055502316666
805.1918940066665,1.833104884483333
767.9306783549999,1.3638505755733334
719.8500665700001,1.248681435755
679.5197383283333,1.273546643735
667.83509727,1.2802301792783333
639.86351311,1.2802301792783333
621.68622756,1.3070630519716666
611.2620044733334,1.7223883952166668
581.453803515,1.9979111586166667
583.494808985,1.5912547318666665
582.3982522816667,1.5141211971833333
562.299606035,1.3321558216283336
664.6779519816666,1.2247346510033335
640.1811758416666,1.03104722846
613.3882999883334,1.0674594816283334
585.7975723633333,1.0881405955016668
615.1883927299999,1.4050819443166664
605.2430864433334,1.3868305744166665
583.3599511233334,1.5509580016666666
550.5624871433333,1.7390353241
562.9163818883334,2.013440662178333
552.8372072450001,1.8184772600383334
574.0033494783335,1.6737547784683333
565.7907555033333,1.2684598929433333
540.9346245116667,1.0730834828783333
525.7703376833334,1.0730834828783333
521.0800390733333,1.3143223413533334
509.11326285000007,1.6483897850999998
369.43212808833334,1.6563218571
360.61280397833343,1.5506533648500003
339.1434038433333,1.15662283672
321.5832736616667,1.2015742351816665
246.98363991166667,0.9608289894066667
893.6452984266666,1.379959046295
887.26467503,1.3750455905416665
887.8358323749999,1.0435022972666668
832.1643630533333,0.7804991396383333
820.6300024116666,0.897004310325
804.5238082633332,1.1054640770283335
786.4889737833333,2.410967697233333
734.2763677433334,2.45120061435
696.9201309483333,2.7345020398666664
653.0921723266666,2.344853737933333
615.8635054583333,1.4828856372283334
703.226277665,1.7661276302666666
671.4681043183333,1.8263480946
646.13519471,2.0451134757
642.954072,2.141100327833333
562.5195211716667,2.0694972540166665
559.8211829433334,1.4014826892183336
562.2966351116667,2.2360424458833332
550.9241442516667,1.5106448614166665
652.87847126,1.8130279069000002
627.5668960466667,1.191192449595
597.2233626033333,1.191192449595
569.2398069983334,1.191192449595
535.6497887816666,1.5630778791666669
522.074699535,1.5647912336166667
500.52894389666665,1.2702596765783332
479.1327913333333,1.80719366155
438.73602158666665,1.9015392894
419.3354387066666,2.7856629149166667
415.03687880333337,2.2587533200833336
419.13406541833336,2.4491252412166666
420.74736377333335,2.29327019025
408.82576538666666,1.4644598501833335
402.28189490166665,1.195615681445
385.758570505,1.59908736085
350.19874918166664,1.5717192257666666
345.04739308666666,1.4100894210499997
318.5077728,1.2124306434033334
309.636231,1.1158157440283334
909.0294094116667,0.7694811902783334
850.0000069283334,0.7694811902783334
832.427932035,0.7942406747266667
809.7618770033332,1.8223588309083334
779.6044779283335,2.3613843947783333
725.5145128816667,2.5142085338833335
684.8491525433334,2.5977919550166666
641.1341634383333,2.2712797382999996
604.8558959899999,1.7855263637333332
636.1100648700001,1.6114855486333333
642.5137388383333,1.6201639886666666
558.9801398416666,1.63308659575
563.7998755916667,1.5051406980133333
558.58663214,2.0661327775666667
549.928439395,2.320216847833333
670.3174325066667,1.9644279236166666
632.81643507,1.191192449595
602.6962884933332,1.191192449595
580.8898073449999,1.191192449595
543.4752906383334,1.2283430631916665
520.4159982900001,1.5068477306833332
506.6600297616667,1.3318832122
489.5340851233333,2.2209122389833333
440.5556060316667,3.113152643233333
416.1510434483333,2.9474046910666667
398.45284864166666,2.397560024516667
393.59408685666665,2.8183248702499997
418.1849177566667,2.4508484131333335
404.67416362500006,0.9971227764799999
388.2986360233333,1.0750465315166666
370.0031346933333,1.4831920506333336
328.48544925666664,1.0612682065566665
314.477060385,1.5106683337000002
299.663354725,2.2211653864833334
860.9632875516668,1.6672194214833334
823.9704918799999,1.4174363116133335
781.7759403800001,1.8604898980166666
710.1153360400001,2.1090381750333336
675.5738490666666,2.2130347762166664
637.5985509999999,2.8767808427
626.8991985783333,1.5052622017583333
641.0402207766666,1.5076478344800002
581.8524509283334,1.5683554572166667
586.6409026883333,1.962784409766667
563.2870089683333,1.9403037515666668
558.1211098733334,1.9172879545666668
674.3018005133333,1.9819197393999999
637.5474633966667,1.4099363826116666
612.6523040433334,1.25443372561
598.9163373533332,1.1885689074499999
565.7737027533334,1.2453671163600002
527.4760387283334,1.9260897370833336
510.692848755,2.2063310933999998
495.1633856316667,2.19890795425
452.5197170966666,2.0646103482666667
423.05024416,2.5378154447833334
407.0609825133334,3.1226718936333335
403.2538314083333,2.387267188866667
412.2942062383333,1.6050304851166666
399.3305823066667,1.5574785267166669
379.86757652499995,1.5476831722333333
356.74535087000004,1.5195796011999998
302.125953375,0.9340476138366667
288.1730082716667,1.5658005349216668
277.7276236266667,2.6178868975333334
624.6899083650001,1.5047434395250001
625.132262475,1.5047434395250001
547.8281885499999,1.5386082682116666
558.8691688250001,3.4676135141333337
554.64060123,2.7331234214999998
545.2405922366667,1.8951229566166667
654.9328802833334,1.7692599825333333
642.7654575583332,1.4585792208983337
630.4365419400001,2.2775780847666667
606.87612897,1.297325715375
564.2407777266667,1.197201714565
529.7305246733333,1.6244606433499997
504.562198,2.223910786283333
484.433051,1.6453973124999999
457.393866765,1.5090783486666666
439.5757190916667,1.8600405216166667
415.1128330116666,3.092787625216667
401.40333033499996,1.6815580742000003
405.94204534166664,1.7035122378666665
392.10533357833333,1.3984823206833334
371.7536934383333,1.7144069744666668
349.221161275,1.9179604740833336
295.349507565,1.3528003880266666
269.29890246166667,1.9833548218333332
526.49337645,1.5047434395250001
525.21891353,1.7514012484049999
486.28497020833333,2.753393658266667
482.8223180083333,3.6071472173833334
481.7882558033333,3.4668075632666664
499.44337219000005,2.7235069125000004
460.31196757666663,2.9462963202499997
442.30619666833337,2.8247084244166665
448.2815409966667,2.2870254066166664
436.0217568466666,1.3788407909216667
439.70782842499995,1.2912693391116667
412.57236076500004,2.1918929467500003
394.83460636500007,2.2984752767833334
387.70050684333336,2.0711294217333336
407.0103978249999,1.2859133025316667
390.65430085500003,2.8795295801333327
366.52272606666673,4.171561483283333
353.38248899999996,1.9506222731500003
351.85683029166665,1.5885661256333332
336.28501259333336,1.7693808154333335
317.5474716883333,1.545261640116667
294.64233664166665,1.6063210976833333
260.39870718500003,3.0524310278500004
235.05906091,2.2874691744500004
519.2516967283334,2.977907983183333
476.70799479500005,2.976521084566666
471.70547424333336,2.844280010766667
467.246612905,2.856237720516667
461.71472664833334,3.285311129466667
446.084688495,4.104058536683333
435.82347107,5.0336278998166675
456.880624075,3.101273416933333
434.87909302,2.40474973205
414.134500295,3.1669102933
402.7988636466667,2.359923551233333
388.0836973166667,2.3044860783333334
402.9420848483333,3.3005676353000006
390.79348049500004,4.63407505995
372.8861374916667,4.508924047983333
355.6281391816667,2.1909069552
350.73569882000004,2.5407288995666666
334.3486716516667,2.0596531249666667
312.4273613716667,1.786932065
292.06287148666667,1.520197332483333
256.08992215,0.6971665908216668
230.97384423833333,0.559905564565
458.88098019666666,3.026900372883333
442.99896137499996,3.7720325810833333
415.1583133266667,3.7858122812499992
414.268549975,3.4303476905
420.84160421,2.3701548188
443.35127002499996,2.3759616640333334
409.30639859,2.9716348032999993
384.0789439833333,2.34925073975
394.98954227499996,2.480459138983333
386.79741206333335,4.60708548275
373.2938018233333,4.842223576566666
359.31649953333334,2.8084060696999997
352.7986374950001,2.4381447259333333
334.2128892783333,1.93327867245
310.4200871416666,1.7911422902333334
289.5106785533334,1.5085617142333334
253.29129354500003,0.9121188294583333
424.2185279883334,2.078568450166667
395.22019560999996,2.6457747585833338
419.9564056016667,2.5765379142
395.59704684166667,2.4041388123166665
393.44995389333326,1.92828642795
379.2075922416666,4.274747953366666
365.5069835766667,2.3754393419333333
333.401107055,2.27757505915
308.55022332000004,1.7725467287833334
339.181379085,4.146069396816667
320.5640896433333,4.3142200008666665
338.03408103333334,4.1011693477
299.0781439433333,3.685863470166667
278.51110932499995,2.4939783026833333
317.4841784833333,2.8602844724666667
317.5392659983333,4.068237917266666
297.81731781999997,4.113795177266667
297.6271533333333,4.710905681050001
297.704545805,3.457381989566666
268.3392319133334,2.8254244449
253.99616063333335,2.268568586
309.96737947,1.7325133977599998
296.49640135666664,4.07004709775
288.50462812499995,4.487765287533334
275.84931288666667,3.6792428561666664
253.47357490166664,3.1113809927666667
248.6657327466667,2.0701775120833332
253.83097302333334,2.0330885162666665
296.9746027566667,4.068237917266666
282.48514714166663,4.140378456866667
252.3156278366667,2.1943811202
233.9092512016667,1.2077035105266667
233.35417645500002,1.030588868901667
